image_path,product_id,category,color,category_tshirt,color_black,color_blue,color_green,color_red,color_white
data/processed_images/image1.jpg,tshirt_1,tshirt,green,1.0,0.0,0.0,1.0,0.0,0.0
data/processed_images/image2.jpg,tshirt_2,tshirt,red,1.0,0.0,0.0,0.0,1.0,0.0
data/processed_images/image3.jpg,tshirt_3,tshirt,black,1.0,1.0,0.0,0.0,0.0,0.0
data/processed_images/image4.jpg,tshirt_4,tshirt,red,1.0,0.0,0.0,0.0,1.0,0.0
data/processed_images/image5.jpg,tshirt_5,tshirt,red,1.0,0.0,0.0,0.0,1.0,0.0
data/processed_images/image6.jpg,tshirt_6,tshirt,green,1.0,0.0,0.0,1.0,0.0,0.0
data/processed_images/image7.jpg,tshirt_7,tshirt,black,1.0,1.0,0.0,0.0,0.0,0.0
data/processed_images/image8.jpg,tshirt_8,tshirt,black,1.0,1.0,0.0,0.0,0.0,0.0
data/processed_images/image9.jpg,tshirt_9,tshirt,black,1.0,1.0,0.0,0.0,0.0,0.0
data/processed_images/image10.jpg,tshirt_10,tshirt,green,1.0,0.0,0.0,1.0,0.0,0.0
data/processed_images/image11.jpg,tshirt_11,tshirt,black,1.0,1.0,0.0,0.0,0.0,0.0
data/processed_images/image12.jpg,tshirt_12,tshirt,blue,1.0,0.0,1.0,0.0,0.0,0.0
data/processed_images/image13.jpg,tshirt_13,tshirt,red,1.0,0.0,0.0,0.0,1.0,0.0
data/processed_images/image14.jpg,tshirt_14,tshirt,red,1.0,0.0,0.0,0.0,1.0,0.0
data/processed_images/image15.jpg,tshirt_15,tshirt,white,1.0,0.0,0.0,0.0,0.0,1.0
data/processed_images/image16.jpg,tshirt_16,tshirt,green,1.0,0.0,0.0,1.0,0.0,0.0
data/processed_images/image17.jpg,tshirt_17,tshirt,red,1.0,0.0,0.0,0.0,1.0,0.0
data/processed_images/image18.jpg,tshirt_18,tshirt,red,1.0,0.0,0.0,0.0,1.0,0.0
data/processed_images/image19.jpg,tshirt_19,tshirt,white,1.0,0.0,0.0,0.0,0.0,1.0
data/processed_images/image20.jpg,tshirt_20,tshirt,black,1.0,1.0,0.0,0.0,0.0,0.0
data/processed_images/image21.jpg,tshirt_21,tshirt,white,1.0,0.0,0.0,0.0,0.0,1.0
data/processed_images/image22.jpg,tshirt_22,tshirt,white,1.0,0.0,0.0,0.0,0.0,1.0
data/processed_images/image23.jpg,tshirt_23,tshirt,red,1.0,0.0,0.0,0.0,1.0,0.0
data/processed_images/image24.jpg,tshirt_24,tshirt,red,1.0,0.0,0.0,0.0,1.0,0.0
data/processed_images/image25.jpg,tshirt_25,tshirt,green,1.0,0.0,0.0,1.0,0.0,0.0
data/processed_images/image26.jpg,tshirt_26,tshirt,green,1.0,0.0,0.0,1.0,0.0,0.0
data/processed_images/image27.jpg,tshirt_27,tshirt,red,1.0,0.0,0.0,0.0,1.0,0.0
data/processed_images/image28.jpg,tshirt_28,tshirt,black,1.0,1.0,0.0,0.0,0.0,0.0
data/processed_images/image29.jpg,tshirt_29,tshirt,white,1.0,0.0,0.0,0.0,0.0,1.0
data/processed_images/image30.jpg,tshirt_30,tshirt,red,1.0,0.0,0.0,0.0,1.0,0.0
data/processed_images/image31.jpg,tshirt_31,tshirt,white,1.0,0.0,0.0,0.0,0.0,1.0
data/processed_images/image32.jpg,tshirt_32,tshirt,green,1.0,0.0,0.0,1.0,0.0,0.0
data/processed_images/image33.jpg,tshirt_33,tshirt,red,1.0,0.0,0.0,0.0,1.0,0.0
data/processed_images/image34.jpg,tshirt_34,tshirt,white,1.0,0.0,0.0,0.0,0.0,1.0
data/processed_images/image35.jpg,tshirt_35,tshirt,black,1.0,1.0,0.0,0.0,0.0,0.0
data/processed_images/image36.jpg,tshirt_36,tshirt,green,1.0,0.0,0.0,1.0,0.0,0.0
data/processed_images/image37.jpg,tshirt_37,tshirt,blue,1.0,0.0,1.0,0.0,0.0,0.0
data/processed_images/image38.jpg,tshirt_38,tshirt,blue,1.0,0.0,1.0,0.0,0.0,0.0
data/processed_images/image39.jpg,tshirt_39,tshirt,green,1.0,0.0,0.0,1.0,0.0,0.0
data/processed_images/image40.jpg,tshirt_40,tshirt,white,1.0,0.0,0.0,0.0,0.0,1.0
data/processed_images/image41.jpg,tshirt_41,tshirt,white,1.0,0.0,0.0,0.0,0.0,1.0
data/processed_images/image42.jpg,tshirt_42,tshirt,blue,1.0,0.0,1.0,0.0,0.0,0.0
data/processed_images/image43.jpg,tshirt_43,tshirt,green,1.0,0.0,0.0,1.0,0.0,0.0
data/processed_images/image44.jpg,tshirt_44,tshirt,green,1.0,0.0,0.0,1.0,0.0,0.0
data/processed_images/image45.jpg,tshirt_45,tshirt,black,1.0,1.0,0.0,0.0,0.0,0.0
data/processed_images/image46.jpg,tshirt_46,tshirt,black,1.0,1.0,0.0,0.0,0.0,0.0
data/processed_images/image47.jpg,tshirt_47,tshirt,white,1.0,0.0,0.0,0.0,0.0,1.0
data/processed_images/image48.jpg,tshirt_48,tshirt,blue,1.0,0.0,1.0,0.0,0.0,0.0
data/processed_images/image49.jpg,tshirt_49,tshirt,white,1.0,0.0,0.0,0.0,0.0,1.0
data/processed_images/image50.jpg,tshirt_50,tshirt,green,1.0,0.0,0.0,1.0,0.0,0.0
data/processed_images/image51.jpg,tshirt_51,tshirt,red,1.0,0.0,0.0,0.0,1.0,0.0
data/processed_images/image52.jpg,tshirt_52,tshirt,blue,1.0,0.0,1.0,0.0,0.0,0.0
data/processed_images/image53.jpg,tshirt_53,tshirt,white,1.0,0.0,0.0,0.0,0.0,1.0
data/processed_images/image54.jpg,tshirt_54,tshirt,white,1.0,0.0,0.0,0.0,0.0,1.0
data/processed_images/image55.jpg,tshirt_55,tshirt,green,1.0,0.0,0.0,1.0,0.0,0.0
data/processed_images/image56.jpg,tshirt_56,tshirt,green,1.0,0.0,0.0,1.0,0.0,0.0
data/processed_images/image57.jpg,tshirt_57,tshirt,white,1.0,0.0,0.0,0.0,0.0,1.0
data/processed_images/image58.jpg,tshirt_58,tshirt,white,1.0,0.0,0.0,0.0,0.0,1.0
data/processed_images/image59.jpg,tshirt_59,tshirt,red,1.0,0.0,0.0,0.0,1.0,0.0
data/processed_images/image60.jpg,tshirt_60,tshirt,green,1.0,0.0,0.0,1.0,0.0,0.0
data/processed_images/image61.jpg,tshirt_61,tshirt,black,1.0,1.0,0.0,0.0,0.0,0.0
data/processed_images/image62.jpg,tshirt_62,tshirt,red,1.0,0.0,0.0,0.0,1.0,0.0
data/processed_images/image63.jpg,tshirt_63,tshirt,red,1.0,0.0,0.0,0.0,1.0,0.0
data/processed_images/image64.jpg,tshirt_64,tshirt,black,1.0,1.0,0.0,0.0,0.0,0.0
data/processed_images/image65.jpg,tshirt_65,tshirt,green,1.0,0.0,0.0,1.0,0.0,0.0
data/processed_images/image66.jpg,tshirt_66,tshirt,green,1.0,0.0,0.0,1.0,0.0,0.0
data/processed_images/image67.jpg,tshirt_67,tshirt,white,1.0,0.0,0.0,0.0,0.0,1.0
data/processed_images/image68.jpg,tshirt_68,tshirt,white,1.0,0.0,0.0,0.0,0.0,1.0
data/processed_images/image69.jpg,tshirt_69,tshirt,black,1.0,1.0,0.0,0.0,0.0,0.0
data/processed_images/image70.jpg,tshirt_70,tshirt,blue,1.0,0.0,1.0,0.0,0.0,0.0
data/processed_images/image71.jpg,tshirt_71,tshirt,white,1.0,0.0,0.0,0.0,0.0,1.0
data/processed_images/image72.jpg,tshirt_72,tshirt,green,1.0,0.0,0.0,1.0,0.0,0.0
data/processed_images/image73.jpg,tshirt_73,tshirt,green,1.0,0.0,0.0,1.0,0.0,0.0
data/processed_images/image74.jpg,tshirt_74,tshirt,white,1.0,0.0,0.0,0.0,0.0,1.0
data/processed_images/image75.jpg,tshirt_75,tshirt,blue,1.0,0.0,1.0,0.0,0.0,0.0
data/processed_images/image76.jpg,tshirt_76,tshirt,white,1.0,0.0,0.0,0.0,0.0,1.0
data/processed_images/image77.jpg,tshirt_77,tshirt,blue,1.0,0.0,1.0,0.0,0.0,0.0
data/processed_images/image78.jpg,tshirt_78,tshirt,black,1.0,1.0,0.0,0.0,0.0,0.0
data/processed_images/image79.jpg,tshirt_79,tshirt,green,1.0,0.0,0.0,1.0,0.0,0.0
data/processed_images/image80.jpg,tshirt_80,tshirt,white,1.0,0.0,0.0,0.0,0.0,1.0
data/processed_images/image81.jpg,tshirt_81,tshirt,black,1.0,1.0,0.0,0.0,0.0,0.0
data/processed_images/image82.jpg,tshirt_82,tshirt,green,1.0,0.0,0.0,1.0,0.0,0.0
data/processed_images/image83.jpg,tshirt_83,tshirt,green,1.0,0.0,0.0,1.0,0.0,0.0
data/processed_images/image84.jpg,tshirt_84,tshirt,green,1.0,0.0,0.0,1.0,0.0,0.0
data/processed_images/image85.jpg,tshirt_85,tshirt,black,1.0,1.0,0.0,0.0,0.0,0.0
data/processed_images/image86.jpg,tshirt_86,tshirt,red,1.0,0.0,0.0,0.0,1.0,0.0
data/processed_images/image87.jpg,tshirt_87,tshirt,blue,1.0,0.0,1.0,0.0,0.0,0.0
data/processed_images/image88.jpg,tshirt_88,tshirt,white,1.0,0.0,0.0,0.0,0.0,1.0
data/processed_images/image89.jpg,tshirt_89,tshirt,white,1.0,0.0,0.0,0.0,0.0,1.0
data/processed_images/image90.jpg,tshirt_90,tshirt,white,1.0,0.0,0.0,0.0,0.0,1.0
data/processed_images/image91.jpg,tshirt_91,tshirt,red,1.0,0.0,0.0,0.0,1.0,0.0
data/processed_images/image92.jpg,tshirt_92,tshirt,white,1.0,0.0,0.0,0.0,0.0,1.0
data/processed_images/image93.jpg,tshirt_93,tshirt,white,1.0,0.0,0.0,0.0,0.0,1.0
data/processed_images/image94.jpg,tshirt_94,tshirt,white,1.0,0.0,0.0,0.0,0.0,1.0
data/processed_images/image95.jpg,tshirt_95,tshirt,blue,1.0,0.0,1.0,0.0,0.0,0.0
data/processed_images/image96.jpg,tshirt_96,tshirt,green,1.0,0.0,0.0,1.0,0.0,0.0
data/processed_images/image97.jpg,tshirt_97,tshirt,black,1.0,1.0,0.0,0.0,0.0,0.0
data/processed_images/image98.jpg,tshirt_98,tshirt,blue,1.0,0.0,1.0,0.0,0.0,0.0
data/processed_images/image99.jpg,tshirt_99,tshirt,blue,1.0,0.0,1.0,0.0,0.0,0.0
data/processed_images/image100.jpg,tshirt_100,tshirt,black,1.0,1.0,0.0,0.0,0.0,0.0
data/processed_images/image101.jpg,tshirt_101,tshirt,blue,1.0,0.0,1.0,0.0,0.0,0.0
data/processed_images/image102.jpg,tshirt_102,tshirt,red,1.0,0.0,0.0,0.0,1.0,0.0
data/processed_images/image103.jpg,tshirt_103,tshirt,white,1.0,0.0,0.0,0.0,0.0,1.0
data/processed_images/image104.jpg,tshirt_104,tshirt,black,1.0,1.0,0.0,0.0,0.0,0.0
data/processed_images/image105.jpg,tshirt_105,tshirt,black,1.0,1.0,0.0,0.0,0.0,0.0
data/processed_images/image106.jpg,tshirt_106,tshirt,blue,1.0,0.0,1.0,0.0,0.0,0.0
data/processed_images/image107.jpg,tshirt_107,tshirt,black,1.0,1.0,0.0,0.0,0.0,0.0
data/processed_images/image108.jpg,tshirt_108,tshirt,black,1.0,1.0,0.0,0.0,0.0,0.0
data/processed_images/image109.jpg,tshirt_109,tshirt,red,1.0,0.0,0.0,0.0,1.0,0.0
data/processed_images/image110.jpg,tshirt_110,tshirt,white,1.0,0.0,0.0,0.0,0.0,1.0
data/processed_images/image111.jpg,tshirt_111,tshirt,green,1.0,0.0,0.0,1.0,0.0,0.0
data/processed_images/image112.jpg,tshirt_112,tshirt,white,1.0,0.0,0.0,0.0,0.0,1.0
data/processed_images/image113.jpg,tshirt_113,tshirt,red,1.0,0.0,0.0,0.0,1.0,0.0
data/processed_images/image114.jpg,tshirt_114,tshirt,red,1.0,0.0,0.0,0.0,1.0,0.0
data/processed_images/image115.jpg,tshirt_115,tshirt,red,1.0,0.0,0.0,0.0,1.0,0.0
data/processed_images/image116.jpg,tshirt_116,tshirt,green,1.0,0.0,0.0,1.0,0.0,0.0
data/processed_images/image117.jpg,tshirt_117,tshirt,blue,1.0,0.0,1.0,0.0,0.0,0.0
data/processed_images/image118.jpg,tshirt_118,tshirt,black,1.0,1.0,0.0,0.0,0.0,0.0
data/processed_images/image119.jpg,tshirt_119,tshirt,white,1.0,0.0,0.0,0.0,0.0,1.0
data/processed_images/image120.jpg,tshirt_120,tshirt,white,1.0,0.0,0.0,0.0,0.0,1.0
data/processed_images/image121.jpg,tshirt_121,tshirt,red,1.0,0.0,0.0,0.0,1.0,0.0
data/processed_images/image122.jpg,tshirt_122,tshirt,green,1.0,0.0,0.0,1.0,0.0,0.0
data/processed_images/image123.jpg,tshirt_123,tshirt,white,1.0,0.0,0.0,0.0,0.0,1.0
data/processed_images/image124.jpg,tshirt_124,tshirt,red,1.0,0.0,0.0,0.0,1.0,0.0
data/processed_images/image125.jpg,tshirt_125,tshirt,blue,1.0,0.0,1.0,0.0,0.0,0.0
data/processed_images/image126.jpg,tshirt_126,tshirt,green,1.0,0.0,0.0,1.0,0.0,0.0
data/processed_images/image127.jpg,tshirt_127,tshirt,white,1.0,0.0,0.0,0.0,0.0,1.0
data/processed_images/image128.jpg,tshirt_128,tshirt,green,1.0,0.0,0.0,1.0,0.0,0.0
data/processed_images/image129.jpg,tshirt_129,tshirt,black,1.0,1.0,0.0,0.0,0.0,0.0
data/processed_images/image130.jpg,tshirt_130,tshirt,green,1.0,0.0,0.0,1.0,0.0,0.0
data/processed_images/image131.jpg,tshirt_131,tshirt,blue,1.0,0.0,1.0,0.0,0.0,0.0
data/processed_images/image132.jpg,tshirt_132,tshirt,red,1.0,0.0,0.0,0.0,1.0,0.0
data/processed_images/image133.jpg,tshirt_133,tshirt,white,1.0,0.0,0.0,0.0,0.0,1.0
data/processed_images/image134.jpg,tshirt_134,tshirt,red,1.0,0.0,0.0,0.0,1.0,0.0
data/processed_images/image135.jpg,tshirt_135,tshirt,red,1.0,0.0,0.0,0.0,1.0,0.0
data/processed_images/image136.jpg,tshirt_136,tshirt,black,1.0,1.0,0.0,0.0,0.0,0.0
data/processed_images/image137.jpg,tshirt_137,tshirt,white,1.0,0.0,0.0,0.0,0.0,1.0
data/processed_images/image138.jpg,tshirt_138,tshirt,red,1.0,0.0,0.0,0.0,1.0,0.0
data/processed_images/image139.jpg,tshirt_139,tshirt,white,1.0,0.0,0.0,0.0,0.0,1.0
data/processed_images/image140.jpg,tshirt_140,tshirt,blue,1.0,0.0,1.0,0.0,0.0,0.0
data/processed_images/image141.jpg,tshirt_141,tshirt,black,1.0,1.0,0.0,0.0,0.0,0.0
data/processed_images/image142.jpg,tshirt_142,tshirt,white,1.0,0.0,0.0,0.0,0.0,1.0
data/processed_images/image143.jpg,tshirt_143,tshirt,green,1.0,0.0,0.0,1.0,0.0,0.0
data/processed_images/image144.jpg,tshirt_144,tshirt,white,1.0,0.0,0.0,0.0,0.0,1.0
data/processed_images/image145.jpg,tshirt_145,tshirt,black,1.0,1.0,0.0,0.0,0.0,0.0
data/processed_images/image146.jpg,tshirt_146,tshirt,green,1.0,0.0,0.0,1.0,0.0,0.0
data/processed_images/image147.jpg,tshirt_147,tshirt,green,1.0,0.0,0.0,1.0,0.0,0.0
data/processed_images/image148.jpg,tshirt_148,tshirt,black,1.0,1.0,0.0,0.0,0.0,0.0
data/processed_images/image149.jpg,tshirt_149,tshirt,blue,1.0,0.0,1.0,0.0,0.0,0.0
data/processed_images/image150.jpg,tshirt_150,tshirt,green,1.0,0.0,0.0,1.0,0.0,0.0
data/processed_images/image151.jpg,tshirt_151,tshirt,white,1.0,0.0,0.0,0.0,0.0,1.0
data/processed_images/image152.jpg,tshirt_152,tshirt,blue,1.0,0.0,1.0,0.0,0.0,0.0
data/processed_images/image153.jpg,tshirt_153,tshirt,black,1.0,1.0,0.0,0.0,0.0,0.0
data/processed_images/image154.jpg,tshirt_154,tshirt,white,1.0,0.0,0.0,0.0,0.0,1.0
data/processed_images/image155.jpg,tshirt_155,tshirt,blue,1.0,0.0,1.0,0.0,0.0,0.0
data/processed_images/image156.jpg,tshirt_156,tshirt,white,1.0,0.0,0.0,0.0,0.0,1.0
data/processed_images/image157.jpg,tshirt_157,tshirt,green,1.0,0.0,0.0,1.0,0.0,0.0
data/processed_images/image158.jpg,tshirt_158,tshirt,red,1.0,0.0,0.0,0.0,1.0,0.0
data/processed_images/image159.jpg,tshirt_159,tshirt,green,1.0,0.0,0.0,1.0,0.0,0.0
data/processed_images/image160.jpg,tshirt_160,tshirt,blue,1.0,0.0,1.0,0.0,0.0,0.0
data/processed_images/image161.jpg,tshirt_161,tshirt,green,1.0,0.0,0.0,1.0,0.0,0.0
data/processed_images/image162.jpg,tshirt_162,tshirt,white,1.0,0.0,0.0,0.0,0.0,1.0
data/processed_images/image163.jpg,tshirt_163,tshirt,white,1.0,0.0,0.0,0.0,0.0,1.0
data/processed_images/image164.jpg,tshirt_164,tshirt,red,1.0,0.0,0.0,0.0,1.0,0.0
data/processed_images/image165.jpg,tshirt_165,tshirt,white,1.0,0.0,0.0,0.0,0.0,1.0
data/processed_images/image166.jpg,tshirt_166,tshirt,red,1.0,0.0,0.0,0.0,1.0,0.0
data/processed_images/image167.jpg,tshirt_167,tshirt,red,1.0,0.0,0.0,0.0,1.0,0.0
data/processed_images/image168.jpg,tshirt_168,tshirt,red,1.0,0.0,0.0,0.0,1.0,0.0
data/processed_images/image169.jpg,tshirt_169,tshirt,black,1.0,1.0,0.0,0.0,0.0,0.0
data/processed_images/image170.jpg,tshirt_170,tshirt,black,1.0,1.0,0.0,0.0,0.0,0.0
data/processed_images/image171.jpg,tshirt_171,tshirt,green,1.0,0.0,0.0,1.0,0.0,0.0
data/processed_images/image172.jpg,tshirt_172,tshirt,green,1.0,0.0,0.0,1.0,0.0,0.0
data/processed_images/image173.jpg,tshirt_173,tshirt,black,1.0,1.0,0.0,0.0,0.0,0.0
data/processed_images/image174.jpg,tshirt_174,tshirt,white,1.0,0.0,0.0,0.0,0.0,1.0
data/processed_images/image175.jpg,tshirt_175,tshirt,black,1.0,1.0,0.0,0.0,0.0,0.0
data/processed_images/image176.jpg,tshirt_176,tshirt,blue,1.0,0.0,1.0,0.0,0.0,0.0
data/processed_images/image177.jpg,tshirt_177,tshirt,red,1.0,0.0,0.0,0.0,1.0,0.0
data/processed_images/image178.jpg,tshirt_178,tshirt,green,1.0,0.0,0.0,1.0,0.0,0.0
data/processed_images/image179.jpg,tshirt_179,tshirt,blue,1.0,0.0,1.0,0.0,0.0,0.0
data/processed_images/image180.jpg,tshirt_180,tshirt,green,1.0,0.0,0.0,1.0,0.0,0.0
data/processed_images/image181.jpg,tshirt_181,tshirt,white,1.0,0.0,0.0,0.0,0.0,1.0
data/processed_images/image182.jpg,tshirt_182,tshirt,red,1.0,0.0,0.0,0.0,1.0,0.0
data/processed_images/image183.jpg,tshirt_183,tshirt,green,1.0,0.0,0.0,1.0,0.0,0.0
data/processed_images/image184.jpg,tshirt_184,tshirt,red,1.0,0.0,0.0,0.0,1.0,0.0
data/processed_images/image185.jpg,tshirt_185,tshirt,green,1.0,0.0,0.0,1.0,0.0,0.0
data/processed_images/image186.jpg,tshirt_186,tshirt,white,1.0,0.0,0.0,0.0,0.0,1.0
data/processed_images/image187.jpg,tshirt_187,tshirt,red,1.0,0.0,0.0,0.0,1.0,0.0
data/processed_images/image188.jpg,tshirt_188,tshirt,blue,1.0,0.0,1.0,0.0,0.0,0.0
data/processed_images/image189.jpg,tshirt_189,tshirt,black,1.0,1.0,0.0,0.0,0.0,0.0
data/processed_images/image190.jpg,tshirt_190,tshirt,blue,1.0,0.0,1.0,0.0,0.0,0.0
data/processed_images/image191.jpg,tshirt_191,tshirt,blue,1.0,0.0,1.0,0.0,0.0,0.0
data/processed_images/image192.jpg,tshirt_192,tshirt,blue,1.0,0.0,1.0,0.0,0.0,0.0
data/processed_images/image193.jpg,tshirt_193,tshirt,green,1.0,0.0,0.0,1.0,0.0,0.0
data/processed_images/image194.jpg,tshirt_194,tshirt,black,1.0,1.0,0.0,0.0,0.0,0.0
data/processed_images/image195.jpg,tshirt_195,tshirt,green,1.0,0.0,0.0,1.0,0.0,0.0
data/processed_images/image196.jpg,tshirt_196,tshirt,blue,1.0,0.0,1.0,0.0,0.0,0.0
data/processed_images/image197.jpg,tshirt_197,tshirt,green,1.0,0.0,0.0,1.0,0.0,0.0
data/processed_images/image198.jpg,tshirt_198,tshirt,black,1.0,1.0,0.0,0.0,0.0,0.0
data/processed_images/image199.jpg,tshirt_199,tshirt,green,1.0,0.0,0.0,1.0,0.0,0.0
data/processed_images/image200.jpg,tshirt_200,tshirt,black,1.0,1.0,0.0,0.0,0.0,0.0
data/processed_images/image201.jpg,tshirt_201,tshirt,green,1.0,0.0,0.0,1.0,0.0,0.0
data/processed_images/image202.jpg,tshirt_202,tshirt,blue,1.0,0.0,1.0,0.0,0.0,0.0
data/processed_images/image203.jpg,tshirt_203,tshirt,green,1.0,0.0,0.0,1.0,0.0,0.0
data/processed_images/image204.jpg,tshirt_204,tshirt,white,1.0,0.0,0.0,0.0,0.0,1.0
data/processed_images/image205.jpg,tshirt_205,tshirt,green,1.0,0.0,0.0,1.0,0.0,0.0
data/processed_images/image206.jpg,tshirt_206,tshirt,blue,1.0,0.0,1.0,0.0,0.0,0.0
data/processed_images/image207.jpg,tshirt_207,tshirt,black,1.0,1.0,0.0,0.0,0.0,0.0
data/processed_images/image208.jpg,tshirt_208,tshirt,green,1.0,0.0,0.0,1.0,0.0,0.0
data/processed_images/image209.jpg,tshirt_209,tshirt,red,1.0,0.0,0.0,0.0,1.0,0.0
data/processed_images/image210.jpg,tshirt_210,tshirt,red,1.0,0.0,0.0,0.0,1.0,0.0
data/processed_images/image211.jpg,tshirt_211,tshirt,green,1.0,0.0,0.0,1.0,0.0,0.0
data/processed_images/image212.jpg,tshirt_212,tshirt,blue,1.0,0.0,1.0,0.0,0.0,0.0
data/processed_images/image213.jpg,tshirt_213,tshirt,blue,1.0,0.0,1.0,0.0,0.0,0.0
data/processed_images/image214.jpg,tshirt_214,tshirt,red,1.0,0.0,0.0,0.0,1.0,0.0
data/processed_images/image215.jpg,tshirt_215,tshirt,green,1.0,0.0,0.0,1.0,0.0,0.0
data/processed_images/image216.jpg,tshirt_216,tshirt,red,1.0,0.0,0.0,0.0,1.0,0.0
data/processed_images/image217.jpg,tshirt_217,tshirt,red,1.0,0.0,0.0,0.0,1.0,0.0
data/processed_images/image218.jpg,tshirt_218,tshirt,white,1.0,0.0,0.0,0.0,0.0,1.0
data/processed_images/image219.jpg,tshirt_219,tshirt,black,1.0,1.0,0.0,0.0,0.0,0.0
data/processed_images/image220.jpg,tshirt_220,tshirt,red,1.0,0.0,0.0,0.0,1.0,0.0
data/processed_images/image221.jpg,tshirt_221,tshirt,red,1.0,0.0,0.0,0.0,1.0,0.0
data/processed_images/image222.jpg,tshirt_222,tshirt,green,1.0,0.0,0.0,1.0,0.0,0.0
data/processed_images/image223.jpg,tshirt_223,tshirt,black,1.0,1.0,0.0,0.0,0.0,0.0
data/processed_images/image224.jpg,tshirt_224,tshirt,blue,1.0,0.0,1.0,0.0,0.0,0.0
data/processed_images/image225.jpg,tshirt_225,tshirt,green,1.0,0.0,0.0,1.0,0.0,0.0
data/processed_images/image226.jpg,tshirt_226,tshirt,black,1.0,1.0,0.0,0.0,0.0,0.0
data/processed_images/image227.jpg,tshirt_227,tshirt,white,1.0,0.0,0.0,0.0,0.0,1.0
data/processed_images/image228.jpg,tshirt_228,tshirt,white,1.0,0.0,0.0,0.0,0.0,1.0
data/processed_images/image229.jpg,tshirt_229,tshirt,white,1.0,0.0,0.0,0.0,0.0,1.0
data/processed_images/image230.jpg,tshirt_230,tshirt,green,1.0,0.0,0.0,1.0,0.0,0.0
data/processed_images/image231.jpg,tshirt_231,tshirt,black,1.0,1.0,0.0,0.0,0.0,0.0
data/processed_images/image232.jpg,tshirt_232,tshirt,white,1.0,0.0,0.0,0.0,0.0,1.0
data/processed_images/image233.jpg,tshirt_233,tshirt,green,1.0,0.0,0.0,1.0,0.0,0.0
data/processed_images/image234.jpg,tshirt_234,tshirt,green,1.0,0.0,0.0,1.0,0.0,0.0
data/processed_images/image235.jpg,tshirt_235,tshirt,white,1.0,0.0,0.0,0.0,0.0,1.0
data/processed_images/image236.jpg,tshirt_236,tshirt,green,1.0,0.0,0.0,1.0,0.0,0.0
data/processed_images/image237.jpg,tshirt_237,tshirt,red,1.0,0.0,0.0,0.0,1.0,0.0
data/processed_images/image238.jpg,tshirt_238,tshirt,black,1.0,1.0,0.0,0.0,0.0,0.0
data/processed_images/image239.jpg,tshirt_239,tshirt,green,1.0,0.0,0.0,1.0,0.0,0.0
data/processed_images/image240.jpg,tshirt_240,tshirt,green,1.0,0.0,0.0,1.0,0.0,0.0
data/processed_images/image241.jpg,tshirt_241,tshirt,red,1.0,0.0,0.0,0.0,1.0,0.0
data/processed_images/image242.jpg,tshirt_242,tshirt,black,1.0,1.0,0.0,0.0,0.0,0.0
data/processed_images/image243.jpg,tshirt_243,tshirt,red,1.0,0.0,0.0,0.0,1.0,0.0
data/processed_images/image244.jpg,tshirt_244,tshirt,blue,1.0,0.0,1.0,0.0,0.0,0.0
data/processed_images/image245.jpg,tshirt_245,tshirt,blue,1.0,0.0,1.0,0.0,0.0,0.0
data/processed_images/image246.jpg,tshirt_246,tshirt,red,1.0,0.0,0.0,0.0,1.0,0.0
data/processed_images/image247.jpg,tshirt_247,tshirt,white,1.0,0.0,0.0,0.0,0.0,1.0
data/processed_images/image248.jpg,tshirt_248,tshirt,green,1.0,0.0,0.0,1.0,0.0,0.0
data/processed_images/image249.jpg,tshirt_249,tshirt,green,1.0,0.0,0.0,1.0,0.0,0.0
data/processed_images/image250.jpg,tshirt_250,tshirt,black,1.0,1.0,0.0,0.0,0.0,0.0
data/processed_images/image251.jpg,tshirt_251,tshirt,red,1.0,0.0,0.0,0.0,1.0,0.0
data/processed_images/image252.jpg,tshirt_252,tshirt,white,1.0,0.0,0.0,0.0,0.0,1.0
data/processed_images/image253.jpg,tshirt_253,tshirt,red,1.0,0.0,0.0,0.0,1.0,0.0
data/processed_images/image254.jpg,tshirt_254,tshirt,white,1.0,0.0,0.0,0.0,0.0,1.0
data/processed_images/image255.jpg,tshirt_255,tshirt,black,1.0,1.0,0.0,0.0,0.0,0.0
data/processed_images/image256.jpg,tshirt_256,tshirt,white,1.0,0.0,0.0,0.0,0.0,1.0
data/processed_images/image257.jpg,tshirt_257,tshirt,green,1.0,0.0,0.0,1.0,0.0,0.0
data/processed_images/image258.jpg,tshirt_258,tshirt,red,1.0,0.0,0.0,0.0,1.0,0.0
data/processed_images/image259.jpg,tshirt_259,tshirt,green,1.0,0.0,0.0,1.0,0.0,0.0
data/processed_images/image260.jpg,tshirt_260,tshirt,black,1.0,1.0,0.0,0.0,0.0,0.0
data/processed_images/image261.jpg,tshirt_261,tshirt,red,1.0,0.0,0.0,0.0,1.0,0.0
data/processed_images/image262.jpg,tshirt_262,tshirt,white,1.0,0.0,0.0,0.0,0.0,1.0
data/processed_images/image263.jpg,tshirt_263,tshirt,green,1.0,0.0,0.0,1.0,0.0,0.0
data/processed_images/image264.jpg,tshirt_264,tshirt,white,1.0,0.0,0.0,0.0,0.0,1.0
data/processed_images/image265.jpg,tshirt_265,tshirt,white,1.0,0.0,0.0,0.0,0.0,1.0
data/processed_images/image266.jpg,tshirt_266,tshirt,red,1.0,0.0,0.0,0.0,1.0,0.0
data/processed_images/image267.jpg,tshirt_267,tshirt,blue,1.0,0.0,1.0,0.0,0.0,0.0
data/processed_images/image268.jpg,tshirt_268,tshirt,blue,1.0,0.0,1.0,0.0,0.0,0.0
data/processed_images/image269.jpg,tshirt_269,tshirt,white,1.0,0.0,0.0,0.0,0.0,1.0
data/processed_images/image270.jpg,tshirt_270,tshirt,blue,1.0,0.0,1.0,0.0,0.0,0.0
data/processed_images/image271.jpg,tshirt_271,tshirt,black,1.0,1.0,0.0,0.0,0.0,0.0
data/processed_images/image272.jpg,tshirt_272,tshirt,white,1.0,0.0,0.0,0.0,0.0,1.0
data/processed_images/image273.jpg,tshirt_273,tshirt,black,1.0,1.0,0.0,0.0,0.0,0.0
data/processed_images/image274.jpg,tshirt_274,tshirt,white,1.0,0.0,0.0,0.0,0.0,1.0
data/processed_images/image275.jpg,tshirt_275,tshirt,black,1.0,1.0,0.0,0.0,0.0,0.0
data/processed_images/image276.jpg,tshirt_276,tshirt,blue,1.0,0.0,1.0,0.0,0.0,0.0
data/processed_images/image277.jpg,tshirt_277,tshirt,green,1.0,0.0,0.0,1.0,0.0,0.0
data/processed_images/image278.jpg,tshirt_278,tshirt,green,1.0,0.0,0.0,1.0,0.0,0.0
data/processed_images/image279.jpg,tshirt_279,tshirt,blue,1.0,0.0,1.0,0.0,0.0,0.0
data/processed_images/image280.jpg,tshirt_280,tshirt,green,1.0,0.0,0.0,1.0,0.0,0.0
data/processed_images/image281.jpg,tshirt_281,tshirt,blue,1.0,0.0,1.0,0.0,0.0,0.0
data/processed_images/image282.jpg,tshirt_282,tshirt,blue,1.0,0.0,1.0,0.0,0.0,0.0
data/processed_images/image283.jpg,tshirt_283,tshirt,white,1.0,0.0,0.0,0.0,0.0,1.0
data/processed_images/image284.jpg,tshirt_284,tshirt,blue,1.0,0.0,1.0,0.0,0.0,0.0
data/processed_images/image285.jpg,tshirt_285,tshirt,red,1.0,0.0,0.0,0.0,1.0,0.0
data/processed_images/image286.jpg,tshirt_286,tshirt,black,1.0,1.0,0.0,0.0,0.0,0.0
data/processed_images/image287.jpg,tshirt_287,tshirt,red,1.0,0.0,0.0,0.0,1.0,0.0
data/processed_images/image288.jpg,tshirt_288,tshirt,green,1.0,0.0,0.0,1.0,0.0,0.0
data/processed_images/image289.jpg,tshirt_289,tshirt,red,1.0,0.0,0.0,0.0,1.0,0.0
data/processed_images/image290.jpg,tshirt_290,tshirt,red,1.0,0.0,0.0,0.0,1.0,0.0
data/processed_images/image291.jpg,tshirt_291,tshirt,blue,1.0,0.0,1.0,0.0,0.0,0.0
data/processed_images/image292.jpg,tshirt_292,tshirt,black,1.0,1.0,0.0,0.0,0.0,0.0
data/processed_images/image293.jpg,tshirt_293,tshirt,red,1.0,0.0,0.0,0.0,1.0,0.0
data/processed_images/image294.jpg,tshirt_294,tshirt,green,1.0,0.0,0.0,1.0,0.0,0.0
data/processed_images/image295.jpg,tshirt_295,tshirt,black,1.0,1.0,0.0,0.0,0.0,0.0
data/processed_images/image296.jpg,tshirt_296,tshirt,red,1.0,0.0,0.0,0.0,1.0,0.0
data/processed_images/image297.jpg,tshirt_297,tshirt,green,1.0,0.0,0.0,1.0,0.0,0.0
data/processed_images/image298.jpg,tshirt_298,tshirt,black,1.0,1.0,0.0,0.0,0.0,0.0
data/processed_images/image299.jpg,tshirt_299,tshirt,blue,1.0,0.0,1.0,0.0,0.0,0.0
data/processed_images/image300.jpg,tshirt_300,tshirt,black,1.0,1.0,0.0,0.0,0.0,0.0
data/processed_images/image301.jpg,tshirt_301,tshirt,black,1.0,1.0,0.0,0.0,0.0,0.0
data/processed_images/image302.jpg,tshirt_302,tshirt,blue,1.0,0.0,1.0,0.0,0.0,0.0
data/processed_images/image303.jpg,tshirt_303,tshirt,green,1.0,0.0,0.0,1.0,0.0,0.0
data/processed_images/image304.jpg,tshirt_304,tshirt,blue,1.0,0.0,1.0,0.0,0.0,0.0
data/processed_images/image305.jpg,tshirt_305,tshirt,green,1.0,0.0,0.0,1.0,0.0,0.0
data/processed_images/image306.jpg,tshirt_306,tshirt,white,1.0,0.0,0.0,0.0,0.0,1.0
data/processed_images/image307.jpg,tshirt_307,tshirt,green,1.0,0.0,0.0,1.0,0.0,0.0
data/processed_images/image308.jpg,tshirt_308,tshirt,blue,1.0,0.0,1.0,0.0,0.0,0.0
data/processed_images/image309.jpg,tshirt_309,tshirt,red,1.0,0.0,0.0,0.0,1.0,0.0
data/processed_images/image310.jpg,tshirt_310,tshirt,red,1.0,0.0,0.0,0.0,1.0,0.0
data/processed_images/image311.jpg,tshirt_311,tshirt,black,1.0,1.0,0.0,0.0,0.0,0.0
data/processed_images/image312.jpg,tshirt_312,tshirt,red,1.0,0.0,0.0,0.0,1.0,0.0
data/processed_images/image313.jpg,tshirt_313,tshirt,white,1.0,0.0,0.0,0.0,0.0,1.0
data/processed_images/image314.jpg,tshirt_314,tshirt,white,1.0,0.0,0.0,0.0,0.0,1.0
data/processed_images/image315.jpg,tshirt_315,tshirt,blue,1.0,0.0,1.0,0.0,0.0,0.0
data/processed_images/image316.jpg,tshirt_316,tshirt,black,1.0,1.0,0.0,0.0,0.0,0.0
data/processed_images/image317.jpg,tshirt_317,tshirt,blue,1.0,0.0,1.0,0.0,0.0,0.0
data/processed_images/image318.jpg,tshirt_318,tshirt,blue,1.0,0.0,1.0,0.0,0.0,0.0
data/processed_images/image319.jpg,tshirt_319,tshirt,red,1.0,0.0,0.0,0.0,1.0,0.0
data/processed_images/image320.jpg,tshirt_320,tshirt,red,1.0,0.0,0.0,0.0,1.0,0.0
data/processed_images/image321.jpg,tshirt_321,tshirt,black,1.0,1.0,0.0,0.0,0.0,0.0
data/processed_images/image322.jpg,tshirt_322,tshirt,white,1.0,0.0,0.0,0.0,0.0,1.0
data/processed_images/image323.jpg,tshirt_323,tshirt,black,1.0,1.0,0.0,0.0,0.0,0.0
data/processed_images/image324.jpg,tshirt_324,tshirt,black,1.0,1.0,0.0,0.0,0.0,0.0
data/processed_images/image325.jpg,tshirt_325,tshirt,white,1.0,0.0,0.0,0.0,0.0,1.0
data/processed_images/image326.jpg,tshirt_326,tshirt,blue,1.0,0.0,1.0,0.0,0.0,0.0
data/processed_images/image327.jpg,tshirt_327,tshirt,black,1.0,1.0,0.0,0.0,0.0,0.0
data/processed_images/image328.jpg,tshirt_328,tshirt,red,1.0,0.0,0.0,0.0,1.0,0.0
data/processed_images/image329.jpg,tshirt_329,tshirt,white,1.0,0.0,0.0,0.0,0.0,1.0
data/processed_images/image330.jpg,tshirt_330,tshirt,red,1.0,0.0,0.0,0.0,1.0,0.0
data/processed_images/image331.jpg,tshirt_331,tshirt,blue,1.0,0.0,1.0,0.0,0.0,0.0
data/processed_images/image332.jpg,tshirt_332,tshirt,white,1.0,0.0,0.0,0.0,0.0,1.0
data/processed_images/image333.jpg,tshirt_333,tshirt,blue,1.0,0.0,1.0,0.0,0.0,0.0
data/processed_images/image334.jpg,tshirt_334,tshirt,white,1.0,0.0,0.0,0.0,0.0,1.0
data/processed_images/image335.jpg,tshirt_335,tshirt,green,1.0,0.0,0.0,1.0,0.0,0.0
data/processed_images/image336.jpg,tshirt_336,tshirt,blue,1.0,0.0,1.0,0.0,0.0,0.0
data/processed_images/image337.jpg,tshirt_337,tshirt,green,1.0,0.0,0.0,1.0,0.0,0.0
data/processed_images/image338.jpg,tshirt_338,tshirt,green,1.0,0.0,0.0,1.0,0.0,0.0
data/processed_images/image339.jpg,tshirt_339,tshirt,black,1.0,1.0,0.0,0.0,0.0,0.0
data/processed_images/image340.jpg,tshirt_340,tshirt,green,1.0,0.0,0.0,1.0,0.0,0.0
data/processed_images/image341.jpg,tshirt_341,tshirt,green,1.0,0.0,0.0,1.0,0.0,0.0
data/processed_images/image342.jpg,tshirt_342,tshirt,green,1.0,0.0,0.0,1.0,0.0,0.0
data/processed_images/image343.jpg,tshirt_343,tshirt,red,1.0,0.0,0.0,0.0,1.0,0.0
data/processed_images/image344.jpg,tshirt_344,tshirt,red,1.0,0.0,0.0,0.0,1.0,0.0
data/processed_images/image345.jpg,tshirt_345,tshirt,blue,1.0,0.0,1.0,0.0,0.0,0.0
data/processed_images/image346.jpg,tshirt_346,tshirt,white,1.0,0.0,0.0,0.0,0.0,1.0
data/processed_images/image347.jpg,tshirt_347,tshirt,green,1.0,0.0,0.0,1.0,0.0,0.0
data/processed_images/image348.jpg,tshirt_348,tshirt,black,1.0,1.0,0.0,0.0,0.0,0.0
data/processed_images/image349.jpg,tshirt_349,tshirt,green,1.0,0.0,0.0,1.0,0.0,0.0
data/processed_images/image350.jpg,tshirt_350,tshirt,red,1.0,0.0,0.0,0.0,1.0,0.0
data/processed_images/image351.jpg,tshirt_351,tshirt,red,1.0,0.0,0.0,0.0,1.0,0.0
data/processed_images/image352.jpg,tshirt_352,tshirt,red,1.0,0.0,0.0,0.0,1.0,0.0
data/processed_images/image353.jpg,tshirt_353,tshirt,black,1.0,1.0,0.0,0.0,0.0,0.0
data/processed_images/image354.jpg,tshirt_354,tshirt,white,1.0,0.0,0.0,0.0,0.0,1.0
data/processed_images/image355.jpg,tshirt_355,tshirt,white,1.0,0.0,0.0,0.0,0.0,1.0
data/processed_images/image356.jpg,tshirt_356,tshirt,white,1.0,0.0,0.0,0.0,0.0,1.0
data/processed_images/image357.jpg,tshirt_357,tshirt,white,1.0,0.0,0.0,0.0,0.0,1.0
data/processed_images/image358.jpg,tshirt_358,tshirt,red,1.0,0.0,0.0,0.0,1.0,0.0
data/processed_images/image359.jpg,tshirt_359,tshirt,black,1.0,1.0,0.0,0.0,0.0,0.0
data/processed_images/image360.jpg,tshirt_360,tshirt,white,1.0,0.0,0.0,0.0,0.0,1.0
data/processed_images/image361.jpg,tshirt_361,tshirt,red,1.0,0.0,0.0,0.0,1.0,0.0
data/processed_images/image362.jpg,tshirt_362,tshirt,green,1.0,0.0,0.0,1.0,0.0,0.0
data/processed_images/image363.jpg,tshirt_363,tshirt,black,1.0,1.0,0.0,0.0,0.0,0.0
data/processed_images/image364.jpg,tshirt_364,tshirt,white,1.0,0.0,0.0,0.0,0.0,1.0
data/processed_images/image365.jpg,tshirt_365,tshirt,red,1.0,0.0,0.0,0.0,1.0,0.0
data/processed_images/image366.jpg,tshirt_366,tshirt,white,1.0,0.0,0.0,0.0,0.0,1.0
data/processed_images/image367.jpg,tshirt_367,tshirt,blue,1.0,0.0,1.0,0.0,0.0,0.0
data/processed_images/image368.jpg,tshirt_368,tshirt,blue,1.0,0.0,1.0,0.0,0.0,0.0
data/processed_images/image369.jpg,tshirt_369,tshirt,red,1.0,0.0,0.0,0.0,1.0,0.0
data/processed_images/image370.jpg,tshirt_370,tshirt,black,1.0,1.0,0.0,0.0,0.0,0.0
data/processed_images/image371.jpg,tshirt_371,tshirt,red,1.0,0.0,0.0,0.0,1.0,0.0
data/processed_images/image372.jpg,tshirt_372,tshirt,white,1.0,0.0,0.0,0.0,0.0,1.0
data/processed_images/image373.jpg,tshirt_373,tshirt,black,1.0,1.0,0.0,0.0,0.0,0.0
data/processed_images/image374.jpg,tshirt_374,tshirt,black,1.0,1.0,0.0,0.0,0.0,0.0
data/processed_images/image375.jpg,tshirt_375,tshirt,black,1.0,1.0,0.0,0.0,0.0,0.0
data/processed_images/image376.jpg,tshirt_376,tshirt,white,1.0,0.0,0.0,0.0,0.0,1.0
data/processed_images/image377.jpg,tshirt_377,tshirt,red,1.0,0.0,0.0,0.0,1.0,0.0
data/processed_images/image378.jpg,tshirt_378,tshirt,black,1.0,1.0,0.0,0.0,0.0,0.0
data/processed_images/image379.jpg,tshirt_379,tshirt,blue,1.0,0.0,1.0,0.0,0.0,0.0
data/processed_images/image380.jpg,tshirt_380,tshirt,black,1.0,1.0,0.0,0.0,0.0,0.0
data/processed_images/image381.jpg,tshirt_381,tshirt,white,1.0,0.0,0.0,0.0,0.0,1.0
data/processed_images/image382.jpg,tshirt_382,tshirt,green,1.0,0.0,0.0,1.0,0.0,0.0
data/processed_images/image383.jpg,tshirt_383,tshirt,black,1.0,1.0,0.0,0.0,0.0,0.0
data/processed_images/image384.jpg,tshirt_384,tshirt,red,1.0,0.0,0.0,0.0,1.0,0.0
data/processed_images/image385.jpg,tshirt_385,tshirt,white,1.0,0.0,0.0,0.0,0.0,1.0
data/processed_images/image386.jpg,tshirt_386,tshirt,green,1.0,0.0,0.0,1.0,0.0,0.0
data/processed_images/image387.jpg,tshirt_387,tshirt,blue,1.0,0.0,1.0,0.0,0.0,0.0
data/processed_images/image388.jpg,tshirt_388,tshirt,white,1.0,0.0,0.0,0.0,0.0,1.0
data/processed_images/image389.jpg,tshirt_389,tshirt,red,1.0,0.0,0.0,0.0,1.0,0.0
data/processed_images/image390.jpg,tshirt_390,tshirt,red,1.0,0.0,0.0,0.0,1.0,0.0
data/processed_images/image391.jpg,tshirt_391,tshirt,red,1.0,0.0,0.0,0.0,1.0,0.0
data/processed_images/image392.jpg,tshirt_392,tshirt,white,1.0,0.0,0.0,0.0,0.0,1.0
data/processed_images/image393.jpg,tshirt_393,tshirt,green,1.0,0.0,0.0,1.0,0.0,0.0
data/processed_images/image394.jpg,tshirt_394,tshirt,white,1.0,0.0,0.0,0.0,0.0,1.0
data/processed_images/image395.jpg,tshirt_395,tshirt,green,1.0,0.0,0.0,1.0,0.0,0.0
data/processed_images/image396.jpg,tshirt_396,tshirt,blue,1.0,0.0,1.0,0.0,0.0,0.0
data/processed_images/image397.jpg,tshirt_397,tshirt,white,1.0,0.0,0.0,0.0,0.0,1.0
data/processed_images/image398.jpg,tshirt_398,tshirt,blue,1.0,0.0,1.0,0.0,0.0,0.0
data/processed_images/image399.jpg,tshirt_399,tshirt,black,1.0,1.0,0.0,0.0,0.0,0.0
data/processed_images/image400.jpg,tshirt_400,tshirt,green,1.0,0.0,0.0,1.0,0.0,0.0
data/processed_images/image401.jpg,tshirt_401,tshirt,white,1.0,0.0,0.0,0.0,0.0,1.0
data/processed_images/image402.jpg,tshirt_402,tshirt,green,1.0,0.0,0.0,1.0,0.0,0.0
data/processed_images/image403.jpg,tshirt_403,tshirt,black,1.0,1.0,0.0,0.0,0.0,0.0
data/processed_images/image404.jpg,tshirt_404,tshirt,white,1.0,0.0,0.0,0.0,0.0,1.0
data/processed_images/image405.jpg,tshirt_405,tshirt,white,1.0,0.0,0.0,0.0,0.0,1.0
data/processed_images/image406.jpg,tshirt_406,tshirt,green,1.0,0.0,0.0,1.0,0.0,0.0
data/processed_images/image407.jpg,tshirt_407,tshirt,white,1.0,0.0,0.0,0.0,0.0,1.0
data/processed_images/image408.jpg,tshirt_408,tshirt,white,1.0,0.0,0.0,0.0,0.0,1.0
data/processed_images/image409.jpg,tshirt_409,tshirt,green,1.0,0.0,0.0,1.0,0.0,0.0
data/processed_images/image410.jpg,tshirt_410,tshirt,red,1.0,0.0,0.0,0.0,1.0,0.0
data/processed_images/image411.jpg,tshirt_411,tshirt,black,1.0,1.0,0.0,0.0,0.0,0.0
data/processed_images/image412.jpg,tshirt_412,tshirt,red,1.0,0.0,0.0,0.0,1.0,0.0
data/processed_images/image413.jpg,tshirt_413,tshirt,green,1.0,0.0,0.0,1.0,0.0,0.0
data/processed_images/image414.jpg,tshirt_414,tshirt,green,1.0,0.0,0.0,1.0,0.0,0.0
data/processed_images/image415.jpg,tshirt_415,tshirt,black,1.0,1.0,0.0,0.0,0.0,0.0
data/processed_images/image416.jpg,tshirt_416,tshirt,blue,1.0,0.0,1.0,0.0,0.0,0.0
data/processed_images/image417.jpg,tshirt_417,tshirt,white,1.0,0.0,0.0,0.0,0.0,1.0
data/processed_images/image418.jpg,tshirt_418,tshirt,red,1.0,0.0,0.0,0.0,1.0,0.0
data/processed_images/image419.jpg,tshirt_419,tshirt,blue,1.0,0.0,1.0,0.0,0.0,0.0
data/processed_images/image420.jpg,tshirt_420,tshirt,green,1.0,0.0,0.0,1.0,0.0,0.0
data/processed_images/image421.jpg,tshirt_421,tshirt,blue,1.0,0.0,1.0,0.0,0.0,0.0
data/processed_images/image422.jpg,tshirt_422,tshirt,black,1.0,1.0,0.0,0.0,0.0,0.0
data/processed_images/image423.jpg,tshirt_423,tshirt,black,1.0,1.0,0.0,0.0,0.0,0.0
data/processed_images/image424.jpg,tshirt_424,tshirt,white,1.0,0.0,0.0,0.0,0.0,1.0
data/processed_images/image425.jpg,tshirt_425,tshirt,red,1.0,0.0,0.0,0.0,1.0,0.0
data/processed_images/image426.jpg,tshirt_426,tshirt,white,1.0,0.0,0.0,0.0,0.0,1.0
data/processed_images/image427.jpg,tshirt_427,tshirt,red,1.0,0.0,0.0,0.0,1.0,0.0
data/processed_images/image428.jpg,tshirt_428,tshirt,black,1.0,1.0,0.0,0.0,0.0,0.0
data/processed_images/image429.jpg,tshirt_429,tshirt,green,1.0,0.0,0.0,1.0,0.0,0.0
data/processed_images/image430.jpg,tshirt_430,tshirt,blue,1.0,0.0,1.0,0.0,0.0,0.0
data/processed_images/image431.jpg,tshirt_431,tshirt,red,1.0,0.0,0.0,0.0,1.0,0.0
data/processed_images/image432.jpg,tshirt_432,tshirt,white,1.0,0.0,0.0,0.0,0.0,1.0
data/processed_images/image433.jpg,tshirt_433,tshirt,blue,1.0,0.0,1.0,0.0,0.0,0.0
data/processed_images/image434.jpg,tshirt_434,tshirt,red,1.0,0.0,0.0,0.0,1.0,0.0
data/processed_images/image435.jpg,tshirt_435,tshirt,black,1.0,1.0,0.0,0.0,0.0,0.0
data/processed_images/image436.jpg,tshirt_436,tshirt,black,1.0,1.0,0.0,0.0,0.0,0.0
data/processed_images/image437.jpg,tshirt_437,tshirt,black,1.0,1.0,0.0,0.0,0.0,0.0
data/processed_images/image438.jpg,tshirt_438,tshirt,blue,1.0,0.0,1.0,0.0,0.0,0.0
data/processed_images/image439.jpg,tshirt_439,tshirt,red,1.0,0.0,0.0,0.0,1.0,0.0
data/processed_images/image440.jpg,tshirt_440,tshirt,black,1.0,1.0,0.0,0.0,0.0,0.0
data/processed_images/image441.jpg,tshirt_441,tshirt,red,1.0,0.0,0.0,0.0,1.0,0.0
data/processed_images/image442.jpg,tshirt_442,tshirt,green,1.0,0.0,0.0,1.0,0.0,0.0
data/processed_images/image443.jpg,tshirt_443,tshirt,black,1.0,1.0,0.0,0.0,0.0,0.0
data/processed_images/image444.jpg,tshirt_444,tshirt,green,1.0,0.0,0.0,1.0,0.0,0.0
data/processed_images/image445.jpg,tshirt_445,tshirt,white,1.0,0.0,0.0,0.0,0.0,1.0
data/processed_images/image446.jpg,tshirt_446,tshirt,white,1.0,0.0,0.0,0.0,0.0,1.0
data/processed_images/image447.jpg,tshirt_447,tshirt,red,1.0,0.0,0.0,0.0,1.0,0.0
data/processed_images/image448.jpg,tshirt_448,tshirt,white,1.0,0.0,0.0,0.0,0.0,1.0
data/processed_images/image449.jpg,tshirt_449,tshirt,red,1.0,0.0,0.0,0.0,1.0,0.0
data/processed_images/image450.jpg,tshirt_450,tshirt,red,1.0,0.0,0.0,0.0,1.0,0.0
data/processed_images/image451.jpg,tshirt_451,tshirt,blue,1.0,0.0,1.0,0.0,0.0,0.0
data/processed_images/image452.jpg,tshirt_452,tshirt,green,1.0,0.0,0.0,1.0,0.0,0.0
data/processed_images/image453.jpg,tshirt_453,tshirt,red,1.0,0.0,0.0,0.0,1.0,0.0
data/processed_images/image454.jpg,tshirt_454,tshirt,white,1.0,0.0,0.0,0.0,0.0,1.0
data/processed_images/image455.jpg,tshirt_455,tshirt,white,1.0,0.0,0.0,0.0,0.0,1.0
data/processed_images/image456.jpg,tshirt_456,tshirt,green,1.0,0.0,0.0,1.0,0.0,0.0
data/processed_images/image457.jpg,tshirt_457,tshirt,blue,1.0,0.0,1.0,0.0,0.0,0.0
data/processed_images/image458.jpg,tshirt_458,tshirt,red,1.0,0.0,0.0,0.0,1.0,0.0
data/processed_images/image459.jpg,tshirt_459,tshirt,white,1.0,0.0,0.0,0.0,0.0,1.0
data/processed_images/image460.jpg,tshirt_460,tshirt,blue,1.0,0.0,1.0,0.0,0.0,0.0
data/processed_images/image461.jpg,tshirt_461,tshirt,black,1.0,1.0,0.0,0.0,0.0,0.0
data/processed_images/image462.jpg,tshirt_462,tshirt,red,1.0,0.0,0.0,0.0,1.0,0.0
data/processed_images/image463.jpg,tshirt_463,tshirt,white,1.0,0.0,0.0,0.0,0.0,1.0
data/processed_images/image464.jpg,tshirt_464,tshirt,red,1.0,0.0,0.0,0.0,1.0,0.0
data/processed_images/image465.jpg,tshirt_465,tshirt,blue,1.0,0.0,1.0,0.0,0.0,0.0
data/processed_images/image466.jpg,tshirt_466,tshirt,red,1.0,0.0,0.0,0.0,1.0,0.0
data/processed_images/image467.jpg,tshirt_467,tshirt,red,1.0,0.0,0.0,0.0,1.0,0.0
data/processed_images/image468.jpg,tshirt_468,tshirt,green,1.0,0.0,0.0,1.0,0.0,0.0
data/processed_images/image469.jpg,tshirt_469,tshirt,blue,1.0,0.0,1.0,0.0,0.0,0.0
data/processed_images/image470.jpg,tshirt_470,tshirt,blue,1.0,0.0,1.0,0.0,0.0,0.0
data/processed_images/image471.jpg,tshirt_471,tshirt,red,1.0,0.0,0.0,0.0,1.0,0.0
data/processed_images/image472.jpg,tshirt_472,tshirt,red,1.0,0.0,0.0,0.0,1.0,0.0
data/processed_images/image473.jpg,tshirt_473,tshirt,blue,1.0,0.0,1.0,0.0,0.0,0.0
data/processed_images/image474.jpg,tshirt_474,tshirt,green,1.0,0.0,0.0,1.0,0.0,0.0
data/processed_images/image475.jpg,tshirt_475,tshirt,black,1.0,1.0,0.0,0.0,0.0,0.0
data/processed_images/image476.jpg,tshirt_476,tshirt,blue,1.0,0.0,1.0,0.0,0.0,0.0
data/processed_images/image477.jpg,tshirt_477,tshirt,blue,1.0,0.0,1.0,0.0,0.0,0.0
data/processed_images/image478.jpg,tshirt_478,tshirt,blue,1.0,0.0,1.0,0.0,0.0,0.0
data/processed_images/image479.jpg,tshirt_479,tshirt,blue,1.0,0.0,1.0,0.0,0.0,0.0
data/processed_images/image480.jpg,tshirt_480,tshirt,blue,1.0,0.0,1.0,0.0,0.0,0.0
data/processed_images/image481.jpg,tshirt_481,tshirt,black,1.0,1.0,0.0,0.0,0.0,0.0
data/processed_images/image482.jpg,tshirt_482,tshirt,red,1.0,0.0,0.0,0.0,1.0,0.0
data/processed_images/image483.jpg,tshirt_483,tshirt,white,1.0,0.0,0.0,0.0,0.0,1.0
data/processed_images/image484.jpg,tshirt_484,tshirt,green,1.0,0.0,0.0,1.0,0.0,0.0
data/processed_images/image485.jpg,tshirt_485,tshirt,white,1.0,0.0,0.0,0.0,0.0,1.0
data/processed_images/image486.jpg,tshirt_486,tshirt,black,1.0,1.0,0.0,0.0,0.0,0.0
data/processed_images/image487.jpg,tshirt_487,tshirt,blue,1.0,0.0,1.0,0.0,0.0,0.0
data/processed_images/image488.jpg,tshirt_488,tshirt,red,1.0,0.0,0.0,0.0,1.0,0.0
data/processed_images/image489.jpg,tshirt_489,tshirt,green,1.0,0.0,0.0,1.0,0.0,0.0
data/processed_images/image490.jpg,tshirt_490,tshirt,white,1.0,0.0,0.0,0.0,0.0,1.0
data/processed_images/image491.jpg,tshirt_491,tshirt,green,1.0,0.0,0.0,1.0,0.0,0.0
data/processed_images/image492.jpg,tshirt_492,tshirt,green,1.0,0.0,0.0,1.0,0.0,0.0
data/processed_images/image493.jpg,tshirt_493,tshirt,white,1.0,0.0,0.0,0.0,0.0,1.0
data/processed_images/image494.jpg,tshirt_494,tshirt,blue,1.0,0.0,1.0,0.0,0.0,0.0
data/processed_images/image495.jpg,tshirt_495,tshirt,red,1.0,0.0,0.0,0.0,1.0,0.0
data/processed_images/image496.jpg,tshirt_496,tshirt,green,1.0,0.0,0.0,1.0,0.0,0.0
data/processed_images/image497.jpg,tshirt_497,tshirt,red,1.0,0.0,0.0,0.0,1.0,0.0
data/processed_images/image498.jpg,tshirt_498,tshirt,white,1.0,0.0,0.0,0.0,0.0,1.0
data/processed_images/image499.jpg,tshirt_499,tshirt,blue,1.0,0.0,1.0,0.0,0.0,0.0
data/processed_images/image500.jpg,tshirt_500,tshirt,green,1.0,0.0,0.0,1.0,0.0,0.0
data/processed_images/image501.jpg,tshirt_501,tshirt,green,1.0,0.0,0.0,1.0,0.0,0.0
data/processed_images/image502.jpg,tshirt_502,tshirt,red,1.0,0.0,0.0,0.0,1.0,0.0
data/processed_images/image503.jpg,tshirt_503,tshirt,white,1.0,0.0,0.0,0.0,0.0,1.0
data/processed_images/image504.jpg,tshirt_504,tshirt,black,1.0,1.0,0.0,0.0,0.0,0.0
data/processed_images/image505.jpg,tshirt_505,tshirt,white,1.0,0.0,0.0,0.0,0.0,1.0
data/processed_images/image506.jpg,tshirt_506,tshirt,white,1.0,0.0,0.0,0.0,0.0,1.0
data/processed_images/image507.jpg,tshirt_507,tshirt,white,1.0,0.0,0.0,0.0,0.0,1.0
data/processed_images/image508.jpg,tshirt_508,tshirt,white,1.0,0.0,0.0,0.0,0.0,1.0
data/processed_images/image509.jpg,tshirt_509,tshirt,red,1.0,0.0,0.0,0.0,1.0,0.0
data/processed_images/image510.jpg,tshirt_510,tshirt,green,1.0,0.0,0.0,1.0,0.0,0.0
data/processed_images/image511.jpg,tshirt_511,tshirt,green,1.0,0.0,0.0,1.0,0.0,0.0
data/processed_images/image512.jpg,tshirt_512,tshirt,blue,1.0,0.0,1.0,0.0,0.0,0.0
data/processed_images/image513.jpg,tshirt_513,tshirt,red,1.0,0.0,0.0,0.0,1.0,0.0
data/processed_images/image514.jpg,tshirt_514,tshirt,red,1.0,0.0,0.0,0.0,1.0,0.0
data/processed_images/image515.jpg,tshirt_515,tshirt,white,1.0,0.0,0.0,0.0,0.0,1.0
data/processed_images/image516.jpg,tshirt_516,tshirt,green,1.0,0.0,0.0,1.0,0.0,0.0
data/processed_images/image517.jpg,tshirt_517,tshirt,black,1.0,1.0,0.0,0.0,0.0,0.0
data/processed_images/image518.jpg,tshirt_518,tshirt,blue,1.0,0.0,1.0,0.0,0.0,0.0
data/processed_images/image519.jpg,tshirt_519,tshirt,blue,1.0,0.0,1.0,0.0,0.0,0.0
data/processed_images/image520.jpg,tshirt_520,tshirt,black,1.0,1.0,0.0,0.0,0.0,0.0
data/processed_images/image521.jpg,tshirt_521,tshirt,red,1.0,0.0,0.0,0.0,1.0,0.0
data/processed_images/image522.jpg,tshirt_522,tshirt,blue,1.0,0.0,1.0,0.0,0.0,0.0
data/processed_images/image523.jpg,tshirt_523,tshirt,green,1.0,0.0,0.0,1.0,0.0,0.0
data/processed_images/image524.jpg,tshirt_524,tshirt,red,1.0,0.0,0.0,0.0,1.0,0.0
data/processed_images/image525.jpg,tshirt_525,tshirt,red,1.0,0.0,0.0,0.0,1.0,0.0
data/processed_images/image526.jpg,tshirt_526,tshirt,red,1.0,0.0,0.0,0.0,1.0,0.0
data/processed_images/image527.jpg,tshirt_527,tshirt,green,1.0,0.0,0.0,1.0,0.0,0.0
data/processed_images/image528.jpg,tshirt_528,tshirt,red,1.0,0.0,0.0,0.0,1.0,0.0
data/processed_images/image529.jpg,tshirt_529,tshirt,red,1.0,0.0,0.0,0.0,1.0,0.0
data/processed_images/image530.jpg,tshirt_530,tshirt,green,1.0,0.0,0.0,1.0,0.0,0.0
data/processed_images/image531.jpg,tshirt_531,tshirt,red,1.0,0.0,0.0,0.0,1.0,0.0
data/processed_images/image532.jpg,tshirt_532,tshirt,blue,1.0,0.0,1.0,0.0,0.0,0.0
data/processed_images/image533.jpg,tshirt_533,tshirt,green,1.0,0.0,0.0,1.0,0.0,0.0
data/processed_images/image534.jpg,tshirt_534,tshirt,red,1.0,0.0,0.0,0.0,1.0,0.0
data/processed_images/image535.jpg,tshirt_535,tshirt,black,1.0,1.0,0.0,0.0,0.0,0.0
data/processed_images/image536.jpg,tshirt_536,tshirt,green,1.0,0.0,0.0,1.0,0.0,0.0
data/processed_images/image537.jpg,tshirt_537,tshirt,blue,1.0,0.0,1.0,0.0,0.0,0.0
data/processed_images/image538.jpg,tshirt_538,tshirt,black,1.0,1.0,0.0,0.0,0.0,0.0
data/processed_images/image539.jpg,tshirt_539,tshirt,white,1.0,0.0,0.0,0.0,0.0,1.0
data/processed_images/image540.jpg,tshirt_540,tshirt,green,1.0,0.0,0.0,1.0,0.0,0.0
data/processed_images/image541.jpg,tshirt_541,tshirt,green,1.0,0.0,0.0,1.0,0.0,0.0
data/processed_images/image542.jpg,tshirt_542,tshirt,blue,1.0,0.0,1.0,0.0,0.0,0.0
data/processed_images/image543.jpg,tshirt_543,tshirt,green,1.0,0.0,0.0,1.0,0.0,0.0
data/processed_images/image544.jpg,tshirt_544,tshirt,black,1.0,1.0,0.0,0.0,0.0,0.0
data/processed_images/image545.jpg,tshirt_545,tshirt,white,1.0,0.0,0.0,0.0,0.0,1.0
data/processed_images/image546.jpg,tshirt_546,tshirt,blue,1.0,0.0,1.0,0.0,0.0,0.0
data/processed_images/image547.jpg,tshirt_547,tshirt,blue,1.0,0.0,1.0,0.0,0.0,0.0
data/processed_images/image548.jpg,tshirt_548,tshirt,blue,1.0,0.0,1.0,0.0,0.0,0.0
data/processed_images/image549.jpg,tshirt_549,tshirt,blue,1.0,0.0,1.0,0.0,0.0,0.0
data/processed_images/image550.jpg,tshirt_550,tshirt,white,1.0,0.0,0.0,0.0,0.0,1.0
data/processed_images/image551.jpg,tshirt_551,tshirt,black,1.0,1.0,0.0,0.0,0.0,0.0
data/processed_images/image552.jpg,tshirt_552,tshirt,red,1.0,0.0,0.0,0.0,1.0,0.0
data/processed_images/image553.jpg,tshirt_553,tshirt,red,1.0,0.0,0.0,0.0,1.0,0.0
data/processed_images/image554.jpg,tshirt_554,tshirt,red,1.0,0.0,0.0,0.0,1.0,0.0
data/processed_images/image555.jpg,tshirt_555,tshirt,red,1.0,0.0,0.0,0.0,1.0,0.0
data/processed_images/image556.jpg,tshirt_556,tshirt,green,1.0,0.0,0.0,1.0,0.0,0.0
data/processed_images/image557.jpg,tshirt_557,tshirt,blue,1.0,0.0,1.0,0.0,0.0,0.0
data/processed_images/image558.jpg,tshirt_558,tshirt,black,1.0,1.0,0.0,0.0,0.0,0.0
data/processed_images/image559.jpg,tshirt_559,tshirt,green,1.0,0.0,0.0,1.0,0.0,0.0
data/processed_images/image560.jpg,tshirt_560,tshirt,red,1.0,0.0,0.0,0.0,1.0,0.0
data/processed_images/image561.jpg,tshirt_561,tshirt,green,1.0,0.0,0.0,1.0,0.0,0.0
data/processed_images/image562.jpg,tshirt_562,tshirt,black,1.0,1.0,0.0,0.0,0.0,0.0
data/processed_images/image563.jpg,tshirt_563,tshirt,blue,1.0,0.0,1.0,0.0,0.0,0.0
data/processed_images/image564.jpg,tshirt_564,tshirt,blue,1.0,0.0,1.0,0.0,0.0,0.0
data/processed_images/image565.jpg,tshirt_565,tshirt,red,1.0,0.0,0.0,0.0,1.0,0.0
data/processed_images/image566.jpg,tshirt_566,tshirt,black,1.0,1.0,0.0,0.0,0.0,0.0
data/processed_images/image567.jpg,tshirt_567,tshirt,black,1.0,1.0,0.0,0.0,0.0,0.0
data/processed_images/image568.jpg,tshirt_568,tshirt,red,1.0,0.0,0.0,0.0,1.0,0.0
data/processed_images/image569.jpg,tshirt_569,tshirt,blue,1.0,0.0,1.0,0.0,0.0,0.0
data/processed_images/image570.jpg,tshirt_570,tshirt,white,1.0,0.0,0.0,0.0,0.0,1.0
data/processed_images/image571.jpg,tshirt_571,tshirt,black,1.0,1.0,0.0,0.0,0.0,0.0
data/processed_images/image572.jpg,tshirt_572,tshirt,blue,1.0,0.0,1.0,0.0,0.0,0.0
data/processed_images/image573.jpg,tshirt_573,tshirt,red,1.0,0.0,0.0,0.0,1.0,0.0
data/processed_images/image574.jpg,tshirt_574,tshirt,blue,1.0,0.0,1.0,0.0,0.0,0.0
data/processed_images/image575.jpg,tshirt_575,tshirt,black,1.0,1.0,0.0,0.0,0.0,0.0
data/processed_images/image576.jpg,tshirt_576,tshirt,green,1.0,0.0,0.0,1.0,0.0,0.0
data/processed_images/image577.jpg,tshirt_577,tshirt,red,1.0,0.0,0.0,0.0,1.0,0.0
data/processed_images/image578.jpg,tshirt_578,tshirt,blue,1.0,0.0,1.0,0.0,0.0,0.0
data/processed_images/image579.jpg,tshirt_579,tshirt,green,1.0,0.0,0.0,1.0,0.0,0.0
data/processed_images/image580.jpg,tshirt_580,tshirt,blue,1.0,0.0,1.0,0.0,0.0,0.0
data/processed_images/image581.jpg,tshirt_581,tshirt,black,1.0,1.0,0.0,0.0,0.0,0.0
data/processed_images/image582.jpg,tshirt_582,tshirt,red,1.0,0.0,0.0,0.0,1.0,0.0
data/processed_images/image583.jpg,tshirt_583,tshirt,red,1.0,0.0,0.0,0.0,1.0,0.0
data/processed_images/image584.jpg,tshirt_584,tshirt,blue,1.0,0.0,1.0,0.0,0.0,0.0
data/processed_images/image585.jpg,tshirt_585,tshirt,green,1.0,0.0,0.0,1.0,0.0,0.0
data/processed_images/image586.jpg,tshirt_586,tshirt,red,1.0,0.0,0.0,0.0,1.0,0.0
data/processed_images/image587.jpg,tshirt_587,tshirt,white,1.0,0.0,0.0,0.0,0.0,1.0
data/processed_images/image588.jpg,tshirt_588,tshirt,green,1.0,0.0,0.0,1.0,0.0,0.0
data/processed_images/image589.jpg,tshirt_589,tshirt,black,1.0,1.0,0.0,0.0,0.0,0.0
data/processed_images/image590.jpg,tshirt_590,tshirt,blue,1.0,0.0,1.0,0.0,0.0,0.0
data/processed_images/image591.jpg,tshirt_591,tshirt,blue,1.0,0.0,1.0,0.0,0.0,0.0
data/processed_images/image592.jpg,tshirt_592,tshirt,green,1.0,0.0,0.0,1.0,0.0,0.0
data/processed_images/image593.jpg,tshirt_593,tshirt,green,1.0,0.0,0.0,1.0,0.0,0.0
data/processed_images/image594.jpg,tshirt_594,tshirt,green,1.0,0.0,0.0,1.0,0.0,0.0
data/processed_images/image595.jpg,tshirt_595,tshirt,black,1.0,1.0,0.0,0.0,0.0,0.0
data/processed_images/image596.jpg,tshirt_596,tshirt,blue,1.0,0.0,1.0,0.0,0.0,0.0
data/processed_images/image597.jpg,tshirt_597,tshirt,white,1.0,0.0,0.0,0.0,0.0,1.0
data/processed_images/image598.jpg,tshirt_598,tshirt,green,1.0,0.0,0.0,1.0,0.0,0.0
data/processed_images/image599.jpg,tshirt_599,tshirt,green,1.0,0.0,0.0,1.0,0.0,0.0
data/processed_images/image600.jpg,tshirt_600,tshirt,blue,1.0,0.0,1.0,0.0,0.0,0.0
data/processed_images/image601.jpg,tshirt_601,tshirt,white,1.0,0.0,0.0,0.0,0.0,1.0
data/processed_images/image602.jpg,tshirt_602,tshirt,red,1.0,0.0,0.0,0.0,1.0,0.0
data/processed_images/image603.jpg,tshirt_603,tshirt,green,1.0,0.0,0.0,1.0,0.0,0.0
data/processed_images/image604.jpg,tshirt_604,tshirt,red,1.0,0.0,0.0,0.0,1.0,0.0
data/processed_images/image605.jpg,tshirt_605,tshirt,black,1.0,1.0,0.0,0.0,0.0,0.0
data/processed_images/image606.jpg,tshirt_606,tshirt,blue,1.0,0.0,1.0,0.0,0.0,0.0
data/processed_images/image607.jpg,tshirt_607,tshirt,black,1.0,1.0,0.0,0.0,0.0,0.0
data/processed_images/image608.jpg,tshirt_608,tshirt,white,1.0,0.0,0.0,0.0,0.0,1.0
data/processed_images/image609.jpg,tshirt_609,tshirt,black,1.0,1.0,0.0,0.0,0.0,0.0
data/processed_images/image610.jpg,tshirt_610,tshirt,green,1.0,0.0,0.0,1.0,0.0,0.0
data/processed_images/image611.jpg,tshirt_611,tshirt,white,1.0,0.0,0.0,0.0,0.0,1.0
data/processed_images/image612.jpg,tshirt_612,tshirt,green,1.0,0.0,0.0,1.0,0.0,0.0
data/processed_images/image613.jpg,tshirt_613,tshirt,white,1.0,0.0,0.0,0.0,0.0,1.0
data/processed_images/image614.jpg,tshirt_614,tshirt,white,1.0,0.0,0.0,0.0,0.0,1.0
data/processed_images/image615.jpg,tshirt_615,tshirt,red,1.0,0.0,0.0,0.0,1.0,0.0
data/processed_images/image616.jpg,tshirt_616,tshirt,white,1.0,0.0,0.0,0.0,0.0,1.0
data/processed_images/image617.jpg,tshirt_617,tshirt,red,1.0,0.0,0.0,0.0,1.0,0.0
data/processed_images/image618.jpg,tshirt_618,tshirt,green,1.0,0.0,0.0,1.0,0.0,0.0
data/processed_images/image619.jpg,tshirt_619,tshirt,white,1.0,0.0,0.0,0.0,0.0,1.0
data/processed_images/image620.jpg,tshirt_620,tshirt,red,1.0,0.0,0.0,0.0,1.0,0.0
data/processed_images/image621.jpg,tshirt_621,tshirt,white,1.0,0.0,0.0,0.0,0.0,1.0
data/processed_images/image622.jpg,tshirt_622,tshirt,black,1.0,1.0,0.0,0.0,0.0,0.0
data/processed_images/image623.jpg,tshirt_623,tshirt,green,1.0,0.0,0.0,1.0,0.0,0.0
data/processed_images/image624.jpg,tshirt_624,tshirt,red,1.0,0.0,0.0,0.0,1.0,0.0
data/processed_images/image625.jpg,tshirt_625,tshirt,blue,1.0,0.0,1.0,0.0,0.0,0.0
data/processed_images/image626.jpg,tshirt_626,tshirt,red,1.0,0.0,0.0,0.0,1.0,0.0
data/processed_images/image627.jpg,tshirt_627,tshirt,blue,1.0,0.0,1.0,0.0,0.0,0.0
data/processed_images/image628.jpg,tshirt_628,tshirt,black,1.0,1.0,0.0,0.0,0.0,0.0
data/processed_images/image629.jpg,tshirt_629,tshirt,red,1.0,0.0,0.0,0.0,1.0,0.0
data/processed_images/image630.jpg,tshirt_630,tshirt,red,1.0,0.0,0.0,0.0,1.0,0.0
data/processed_images/image631.jpg,tshirt_631,tshirt,white,1.0,0.0,0.0,0.0,0.0,1.0
data/processed_images/image632.jpg,tshirt_632,tshirt,red,1.0,0.0,0.0,0.0,1.0,0.0
data/processed_images/image633.jpg,tshirt_633,tshirt,black,1.0,1.0,0.0,0.0,0.0,0.0
data/processed_images/image634.jpg,tshirt_634,tshirt,red,1.0,0.0,0.0,0.0,1.0,0.0
data/processed_images/image635.jpg,tshirt_635,tshirt,blue,1.0,0.0,1.0,0.0,0.0,0.0
data/processed_images/image636.jpg,tshirt_636,tshirt,black,1.0,1.0,0.0,0.0,0.0,0.0
data/processed_images/image637.jpg,tshirt_637,tshirt,white,1.0,0.0,0.0,0.0,0.0,1.0
data/processed_images/image638.jpg,tshirt_638,tshirt,red,1.0,0.0,0.0,0.0,1.0,0.0
data/processed_images/image639.jpg,tshirt_639,tshirt,green,1.0,0.0,0.0,1.0,0.0,0.0
data/processed_images/image640.jpg,tshirt_640,tshirt,blue,1.0,0.0,1.0,0.0,0.0,0.0
data/processed_images/image641.jpg,tshirt_641,tshirt,green,1.0,0.0,0.0,1.0,0.0,0.0
data/processed_images/image642.jpg,tshirt_642,tshirt,blue,1.0,0.0,1.0,0.0,0.0,0.0
data/processed_images/image643.jpg,tshirt_643,tshirt,red,1.0,0.0,0.0,0.0,1.0,0.0
data/processed_images/image644.jpg,tshirt_644,tshirt,green,1.0,0.0,0.0,1.0,0.0,0.0
data/processed_images/image645.jpg,tshirt_645,tshirt,blue,1.0,0.0,1.0,0.0,0.0,0.0
data/processed_images/image646.jpg,tshirt_646,tshirt,red,1.0,0.0,0.0,0.0,1.0,0.0
data/processed_images/image647.jpg,tshirt_647,tshirt,blue,1.0,0.0,1.0,0.0,0.0,0.0
data/processed_images/image648.jpg,tshirt_648,tshirt,black,1.0,1.0,0.0,0.0,0.0,0.0
data/processed_images/image649.jpg,tshirt_649,tshirt,black,1.0,1.0,0.0,0.0,0.0,0.0
data/processed_images/image650.jpg,tshirt_650,tshirt,blue,1.0,0.0,1.0,0.0,0.0,0.0
data/processed_images/image651.jpg,tshirt_651,tshirt,green,1.0,0.0,0.0,1.0,0.0,0.0
data/processed_images/image652.jpg,tshirt_652,tshirt,green,1.0,0.0,0.0,1.0,0.0,0.0
data/processed_images/image653.jpg,tshirt_653,tshirt,red,1.0,0.0,0.0,0.0,1.0,0.0
data/processed_images/image654.jpg,tshirt_654,tshirt,red,1.0,0.0,0.0,0.0,1.0,0.0
data/processed_images/image655.jpg,tshirt_655,tshirt,blue,1.0,0.0,1.0,0.0,0.0,0.0
data/processed_images/image656.jpg,tshirt_656,tshirt,green,1.0,0.0,0.0,1.0,0.0,0.0
data/processed_images/image657.jpg,tshirt_657,tshirt,black,1.0,1.0,0.0,0.0,0.0,0.0
data/processed_images/image658.jpg,tshirt_658,tshirt,red,1.0,0.0,0.0,0.0,1.0,0.0
data/processed_images/image659.jpg,tshirt_659,tshirt,white,1.0,0.0,0.0,0.0,0.0,1.0
data/processed_images/image660.jpg,tshirt_660,tshirt,green,1.0,0.0,0.0,1.0,0.0,0.0
data/processed_images/image661.jpg,tshirt_661,tshirt,white,1.0,0.0,0.0,0.0,0.0,1.0
data/processed_images/image662.jpg,tshirt_662,tshirt,black,1.0,1.0,0.0,0.0,0.0,0.0
data/processed_images/image663.jpg,tshirt_663,tshirt,red,1.0,0.0,0.0,0.0,1.0,0.0
data/processed_images/image664.jpg,tshirt_664,tshirt,red,1.0,0.0,0.0,0.0,1.0,0.0
data/processed_images/image665.jpg,tshirt_665,tshirt,white,1.0,0.0,0.0,0.0,0.0,1.0
data/processed_images/image666.jpg,tshirt_666,tshirt,red,1.0,0.0,0.0,0.0,1.0,0.0
data/processed_images/image667.jpg,tshirt_667,tshirt,blue,1.0,0.0,1.0,0.0,0.0,0.0
data/processed_images/image668.jpg,tshirt_668,tshirt,red,1.0,0.0,0.0,0.0,1.0,0.0
data/processed_images/image669.jpg,tshirt_669,tshirt,black,1.0,1.0,0.0,0.0,0.0,0.0
data/processed_images/image670.jpg,tshirt_670,tshirt,green,1.0,0.0,0.0,1.0,0.0,0.0
data/processed_images/image671.jpg,tshirt_671,tshirt,black,1.0,1.0,0.0,0.0,0.0,0.0
data/processed_images/image672.jpg,tshirt_672,tshirt,green,1.0,0.0,0.0,1.0,0.0,0.0
data/processed_images/image673.jpg,tshirt_673,tshirt,white,1.0,0.0,0.0,0.0,0.0,1.0
data/processed_images/image674.jpg,tshirt_674,tshirt,blue,1.0,0.0,1.0,0.0,0.0,0.0
data/processed_images/image675.jpg,tshirt_675,tshirt,blue,1.0,0.0,1.0,0.0,0.0,0.0
data/processed_images/image676.jpg,tshirt_676,tshirt,black,1.0,1.0,0.0,0.0,0.0,0.0
data/processed_images/image677.jpg,tshirt_677,tshirt,black,1.0,1.0,0.0,0.0,0.0,0.0
data/processed_images/image678.jpg,tshirt_678,tshirt,green,1.0,0.0,0.0,1.0,0.0,0.0
data/processed_images/image679.jpg,tshirt_679,tshirt,white,1.0,0.0,0.0,0.0,0.0,1.0
data/processed_images/image680.jpg,tshirt_680,tshirt,red,1.0,0.0,0.0,0.0,1.0,0.0
data/processed_images/image681.jpg,tshirt_681,tshirt,blue,1.0,0.0,1.0,0.0,0.0,0.0
data/processed_images/image682.jpg,tshirt_682,tshirt,black,1.0,1.0,0.0,0.0,0.0,0.0
data/processed_images/image683.jpg,tshirt_683,tshirt,green,1.0,0.0,0.0,1.0,0.0,0.0
data/processed_images/image684.jpg,tshirt_684,tshirt,blue,1.0,0.0,1.0,0.0,0.0,0.0
data/processed_images/image685.jpg,tshirt_685,tshirt,red,1.0,0.0,0.0,0.0,1.0,0.0
data/processed_images/image686.jpg,tshirt_686,tshirt,black,1.0,1.0,0.0,0.0,0.0,0.0
data/processed_images/image687.jpg,tshirt_687,tshirt,red,1.0,0.0,0.0,0.0,1.0,0.0
data/processed_images/image688.jpg,tshirt_688,tshirt,red,1.0,0.0,0.0,0.0,1.0,0.0
data/processed_images/image689.jpg,tshirt_689,tshirt,black,1.0,1.0,0.0,0.0,0.0,0.0
data/processed_images/image690.jpg,tshirt_690,tshirt,blue,1.0,0.0,1.0,0.0,0.0,0.0
data/processed_images/image691.jpg,tshirt_691,tshirt,green,1.0,0.0,0.0,1.0,0.0,0.0
data/processed_images/image692.jpg,tshirt_692,tshirt,black,1.0,1.0,0.0,0.0,0.0,0.0
data/processed_images/image693.jpg,tshirt_693,tshirt,red,1.0,0.0,0.0,0.0,1.0,0.0
data/processed_images/image694.jpg,tshirt_694,tshirt,black,1.0,1.0,0.0,0.0,0.0,0.0
data/processed_images/image695.jpg,tshirt_695,tshirt,green,1.0,0.0,0.0,1.0,0.0,0.0
data/processed_images/image696.jpg,tshirt_696,tshirt,green,1.0,0.0,0.0,1.0,0.0,0.0
data/processed_images/image697.jpg,tshirt_697,tshirt,red,1.0,0.0,0.0,0.0,1.0,0.0
data/processed_images/image698.jpg,tshirt_698,tshirt,blue,1.0,0.0,1.0,0.0,0.0,0.0
data/processed_images/image699.jpg,tshirt_699,tshirt,green,1.0,0.0,0.0,1.0,0.0,0.0
data/processed_images/image700.jpg,tshirt_700,tshirt,blue,1.0,0.0,1.0,0.0,0.0,0.0
data/processed_images/image701.jpg,tshirt_701,tshirt,green,1.0,0.0,0.0,1.0,0.0,0.0
data/processed_images/image702.jpg,tshirt_702,tshirt,black,1.0,1.0,0.0,0.0,0.0,0.0
data/processed_images/image703.jpg,tshirt_703,tshirt,black,1.0,1.0,0.0,0.0,0.0,0.0
data/processed_images/image704.jpg,tshirt_704,tshirt,green,1.0,0.0,0.0,1.0,0.0,0.0
data/processed_images/image705.jpg,tshirt_705,tshirt,green,1.0,0.0,0.0,1.0,0.0,0.0
data/processed_images/image706.jpg,tshirt_706,tshirt,blue,1.0,0.0,1.0,0.0,0.0,0.0
data/processed_images/image707.jpg,tshirt_707,tshirt,green,1.0,0.0,0.0,1.0,0.0,0.0
data/processed_images/image708.jpg,tshirt_708,tshirt,black,1.0,1.0,0.0,0.0,0.0,0.0
data/processed_images/image709.jpg,tshirt_709,tshirt,white,1.0,0.0,0.0,0.0,0.0,1.0
data/processed_images/image710.jpg,tshirt_710,tshirt,black,1.0,1.0,0.0,0.0,0.0,0.0
data/processed_images/image711.jpg,tshirt_711,tshirt,black,1.0,1.0,0.0,0.0,0.0,0.0
data/processed_images/image712.jpg,tshirt_712,tshirt,red,1.0,0.0,0.0,0.0,1.0,0.0
data/processed_images/image713.jpg,tshirt_713,tshirt,green,1.0,0.0,0.0,1.0,0.0,0.0
data/processed_images/image714.jpg,tshirt_714,tshirt,red,1.0,0.0,0.0,0.0,1.0,0.0
data/processed_images/image715.jpg,tshirt_715,tshirt,blue,1.0,0.0,1.0,0.0,0.0,0.0
data/processed_images/image716.jpg,tshirt_716,tshirt,blue,1.0,0.0,1.0,0.0,0.0,0.0
data/processed_images/image717.jpg,tshirt_717,tshirt,white,1.0,0.0,0.0,0.0,0.0,1.0
data/processed_images/image718.jpg,tshirt_718,tshirt,white,1.0,0.0,0.0,0.0,0.0,1.0
data/processed_images/image719.jpg,tshirt_719,tshirt,red,1.0,0.0,0.0,0.0,1.0,0.0
data/processed_images/image720.jpg,tshirt_720,tshirt,green,1.0,0.0,0.0,1.0,0.0,0.0
data/processed_images/image721.jpg,tshirt_721,tshirt,red,1.0,0.0,0.0,0.0,1.0,0.0
data/processed_images/image722.jpg,tshirt_722,tshirt,black,1.0,1.0,0.0,0.0,0.0,0.0
data/processed_images/image723.jpg,tshirt_723,tshirt,black,1.0,1.0,0.0,0.0,0.0,0.0
data/processed_images/image724.jpg,tshirt_724,tshirt,green,1.0,0.0,0.0,1.0,0.0,0.0
data/processed_images/image725.jpg,tshirt_725,tshirt,green,1.0,0.0,0.0,1.0,0.0,0.0
data/processed_images/image726.jpg,tshirt_726,tshirt,blue,1.0,0.0,1.0,0.0,0.0,0.0
data/processed_images/image727.jpg,tshirt_727,tshirt,red,1.0,0.0,0.0,0.0,1.0,0.0
data/processed_images/image728.jpg,tshirt_728,tshirt,red,1.0,0.0,0.0,0.0,1.0,0.0
data/processed_images/image729.jpg,tshirt_729,tshirt,black,1.0,1.0,0.0,0.0,0.0,0.0
data/processed_images/image730.jpg,tshirt_730,tshirt,green,1.0,0.0,0.0,1.0,0.0,0.0
data/processed_images/image731.jpg,tshirt_731,tshirt,black,1.0,1.0,0.0,0.0,0.0,0.0
data/processed_images/image732.jpg,tshirt_732,tshirt,black,1.0,1.0,0.0,0.0,0.0,0.0
data/processed_images/image733.jpg,tshirt_733,tshirt,white,1.0,0.0,0.0,0.0,0.0,1.0
data/processed_images/image734.jpg,tshirt_734,tshirt,green,1.0,0.0,0.0,1.0,0.0,0.0
data/processed_images/image735.jpg,tshirt_735,tshirt,black,1.0,1.0,0.0,0.0,0.0,0.0
data/processed_images/image736.jpg,tshirt_736,tshirt,blue,1.0,0.0,1.0,0.0,0.0,0.0
data/processed_images/image737.jpg,tshirt_737,tshirt,blue,1.0,0.0,1.0,0.0,0.0,0.0
data/processed_images/image738.jpg,tshirt_738,tshirt,white,1.0,0.0,0.0,0.0,0.0,1.0
data/processed_images/image739.jpg,tshirt_739,tshirt,blue,1.0,0.0,1.0,0.0,0.0,0.0
data/processed_images/image740.jpg,tshirt_740,tshirt,white,1.0,0.0,0.0,0.0,0.0,1.0
data/processed_images/image741.jpg,tshirt_741,tshirt,green,1.0,0.0,0.0,1.0,0.0,0.0
data/processed_images/image742.jpg,tshirt_742,tshirt,red,1.0,0.0,0.0,0.0,1.0,0.0
data/processed_images/image743.jpg,tshirt_743,tshirt,green,1.0,0.0,0.0,1.0,0.0,0.0
data/processed_images/image744.jpg,tshirt_744,tshirt,green,1.0,0.0,0.0,1.0,0.0,0.0
data/processed_images/image745.jpg,tshirt_745,tshirt,black,1.0,1.0,0.0,0.0,0.0,0.0
data/processed_images/image746.jpg,tshirt_746,tshirt,blue,1.0,0.0,1.0,0.0,0.0,0.0
data/processed_images/image747.jpg,tshirt_747,tshirt,red,1.0,0.0,0.0,0.0,1.0,0.0
data/processed_images/image748.jpg,tshirt_748,tshirt,green,1.0,0.0,0.0,1.0,0.0,0.0
data/processed_images/image749.jpg,tshirt_749,tshirt,white,1.0,0.0,0.0,0.0,0.0,1.0
data/processed_images/image750.jpg,tshirt_750,tshirt,black,1.0,1.0,0.0,0.0,0.0,0.0
data/processed_images/image751.jpg,tshirt_751,tshirt,green,1.0,0.0,0.0,1.0,0.0,0.0
data/processed_images/image752.jpg,tshirt_752,tshirt,blue,1.0,0.0,1.0,0.0,0.0,0.0
data/processed_images/image753.jpg,tshirt_753,tshirt,black,1.0,1.0,0.0,0.0,0.0,0.0
data/processed_images/image754.jpg,tshirt_754,tshirt,black,1.0,1.0,0.0,0.0,0.0,0.0
data/processed_images/image755.jpg,tshirt_755,tshirt,blue,1.0,0.0,1.0,0.0,0.0,0.0
data/processed_images/image756.jpg,tshirt_756,tshirt,white,1.0,0.0,0.0,0.0,0.0,1.0
data/processed_images/image757.jpg,tshirt_757,tshirt,white,1.0,0.0,0.0,0.0,0.0,1.0
data/processed_images/image758.jpg,tshirt_758,tshirt,black,1.0,1.0,0.0,0.0,0.0,0.0
data/processed_images/image759.jpg,tshirt_759,tshirt,red,1.0,0.0,0.0,0.0,1.0,0.0
data/processed_images/image760.jpg,tshirt_760,tshirt,white,1.0,0.0,0.0,0.0,0.0,1.0
data/processed_images/image761.jpg,tshirt_761,tshirt,green,1.0,0.0,0.0,1.0,0.0,0.0
data/processed_images/image762.jpg,tshirt_762,tshirt,white,1.0,0.0,0.0,0.0,0.0,1.0
data/processed_images/image763.jpg,tshirt_763,tshirt,black,1.0,1.0,0.0,0.0,0.0,0.0
data/processed_images/image764.jpg,tshirt_764,tshirt,white,1.0,0.0,0.0,0.0,0.0,1.0
data/processed_images/image765.jpg,tshirt_765,tshirt,red,1.0,0.0,0.0,0.0,1.0,0.0
data/processed_images/image766.jpg,tshirt_766,tshirt,green,1.0,0.0,0.0,1.0,0.0,0.0
data/processed_images/image767.jpg,tshirt_767,tshirt,black,1.0,1.0,0.0,0.0,0.0,0.0
data/processed_images/image768.jpg,tshirt_768,tshirt,green,1.0,0.0,0.0,1.0,0.0,0.0
data/processed_images/image769.jpg,tshirt_769,tshirt,green,1.0,0.0,0.0,1.0,0.0,0.0
data/processed_images/image770.jpg,tshirt_770,tshirt,blue,1.0,0.0,1.0,0.0,0.0,0.0
data/processed_images/image771.jpg,tshirt_771,tshirt,white,1.0,0.0,0.0,0.0,0.0,1.0
data/processed_images/image772.jpg,tshirt_772,tshirt,green,1.0,0.0,0.0,1.0,0.0,0.0
data/processed_images/image773.jpg,tshirt_773,tshirt,blue,1.0,0.0,1.0,0.0,0.0,0.0
data/processed_images/image774.jpg,tshirt_774,tshirt,white,1.0,0.0,0.0,0.0,0.0,1.0
data/processed_images/image775.jpg,tshirt_775,tshirt,green,1.0,0.0,0.0,1.0,0.0,0.0
data/processed_images/image776.jpg,tshirt_776,tshirt,black,1.0,1.0,0.0,0.0,0.0,0.0
data/processed_images/image777.jpg,tshirt_777,tshirt,green,1.0,0.0,0.0,1.0,0.0,0.0
data/processed_images/image778.jpg,tshirt_778,tshirt,green,1.0,0.0,0.0,1.0,0.0,0.0
data/processed_images/image779.jpg,tshirt_779,tshirt,white,1.0,0.0,0.0,0.0,0.0,1.0
data/processed_images/image780.jpg,tshirt_780,tshirt,white,1.0,0.0,0.0,0.0,0.0,1.0
data/processed_images/image781.jpg,tshirt_781,tshirt,black,1.0,1.0,0.0,0.0,0.0,0.0
data/processed_images/image782.jpg,tshirt_782,tshirt,blue,1.0,0.0,1.0,0.0,0.0,0.0
data/processed_images/image783.jpg,tshirt_783,tshirt,white,1.0,0.0,0.0,0.0,0.0,1.0
data/processed_images/image784.jpg,tshirt_784,tshirt,red,1.0,0.0,0.0,0.0,1.0,0.0
data/processed_images/image785.jpg,tshirt_785,tshirt,black,1.0,1.0,0.0,0.0,0.0,0.0
data/processed_images/image786.jpg,tshirt_786,tshirt,black,1.0,1.0,0.0,0.0,0.0,0.0
data/processed_images/image787.jpg,tshirt_787,tshirt,green,1.0,0.0,0.0,1.0,0.0,0.0
data/processed_images/image788.jpg,tshirt_788,tshirt,green,1.0,0.0,0.0,1.0,0.0,0.0
data/processed_images/image789.jpg,tshirt_789,tshirt,black,1.0,1.0,0.0,0.0,0.0,0.0
data/processed_images/image790.jpg,tshirt_790,tshirt,black,1.0,1.0,0.0,0.0,0.0,0.0
data/processed_images/image791.jpg,tshirt_791,tshirt,blue,1.0,0.0,1.0,0.0,0.0,0.0
data/processed_images/image792.jpg,tshirt_792,tshirt,blue,1.0,0.0,1.0,0.0,0.0,0.0
data/processed_images/image793.jpg,tshirt_793,tshirt,black,1.0,1.0,0.0,0.0,0.0,0.0
data/processed_images/image794.jpg,tshirt_794,tshirt,blue,1.0,0.0,1.0,0.0,0.0,0.0
data/processed_images/image795.jpg,tshirt_795,tshirt,black,1.0,1.0,0.0,0.0,0.0,0.0
data/processed_images/image796.jpg,tshirt_796,tshirt,black,1.0,1.0,0.0,0.0,0.0,0.0
data/processed_images/image797.jpg,tshirt_797,tshirt,blue,1.0,0.0,1.0,0.0,0.0,0.0
data/processed_images/image798.jpg,tshirt_798,tshirt,white,1.0,0.0,0.0,0.0,0.0,1.0
data/processed_images/image799.jpg,tshirt_799,tshirt,red,1.0,0.0,0.0,0.0,1.0,0.0
data/processed_images/image800.jpg,tshirt_800,tshirt,black,1.0,1.0,0.0,0.0,0.0,0.0
data/processed_images/image801.jpg,tshirt_801,tshirt,white,1.0,0.0,0.0,0.0,0.0,1.0
data/processed_images/image802.jpg,tshirt_802,tshirt,red,1.0,0.0,0.0,0.0,1.0,0.0
data/processed_images/image803.jpg,tshirt_803,tshirt,black,1.0,1.0,0.0,0.0,0.0,0.0
data/processed_images/image804.jpg,tshirt_804,tshirt,black,1.0,1.0,0.0,0.0,0.0,0.0
data/processed_images/image805.jpg,tshirt_805,tshirt,white,1.0,0.0,0.0,0.0,0.0,1.0
data/processed_images/image806.jpg,tshirt_806,tshirt,red,1.0,0.0,0.0,0.0,1.0,0.0
data/processed_images/image807.jpg,tshirt_807,tshirt,black,1.0,1.0,0.0,0.0,0.0,0.0
data/processed_images/image808.jpg,tshirt_808,tshirt,blue,1.0,0.0,1.0,0.0,0.0,0.0
data/processed_images/image809.jpg,tshirt_809,tshirt,red,1.0,0.0,0.0,0.0,1.0,0.0
data/processed_images/image810.jpg,tshirt_810,tshirt,white,1.0,0.0,0.0,0.0,0.0,1.0
data/processed_images/image811.jpg,tshirt_811,tshirt,blue,1.0,0.0,1.0,0.0,0.0,0.0
data/processed_images/image812.jpg,tshirt_812,tshirt,green,1.0,0.0,0.0,1.0,0.0,0.0
data/processed_images/image813.jpg,tshirt_813,tshirt,black,1.0,1.0,0.0,0.0,0.0,0.0
data/processed_images/image814.jpg,tshirt_814,tshirt,green,1.0,0.0,0.0,1.0,0.0,0.0
data/processed_images/image815.jpg,tshirt_815,tshirt,blue,1.0,0.0,1.0,0.0,0.0,0.0
data/processed_images/image816.jpg,tshirt_816,tshirt,black,1.0,1.0,0.0,0.0,0.0,0.0
data/processed_images/image817.jpg,tshirt_817,tshirt,white,1.0,0.0,0.0,0.0,0.0,1.0
data/processed_images/image818.jpg,tshirt_818,tshirt,blue,1.0,0.0,1.0,0.0,0.0,0.0
data/processed_images/image819.jpg,tshirt_819,tshirt,white,1.0,0.0,0.0,0.0,0.0,1.0
data/processed_images/image820.jpg,tshirt_820,tshirt,white,1.0,0.0,0.0,0.0,0.0,1.0
data/processed_images/image821.jpg,tshirt_821,tshirt,blue,1.0,0.0,1.0,0.0,0.0,0.0
data/processed_images/image822.jpg,tshirt_822,tshirt,black,1.0,1.0,0.0,0.0,0.0,0.0
data/processed_images/image823.jpg,tshirt_823,tshirt,green,1.0,0.0,0.0,1.0,0.0,0.0
data/processed_images/image824.jpg,tshirt_824,tshirt,blue,1.0,0.0,1.0,0.0,0.0,0.0
data/processed_images/image825.jpg,tshirt_825,tshirt,red,1.0,0.0,0.0,0.0,1.0,0.0
data/processed_images/image826.jpg,tshirt_826,tshirt,blue,1.0,0.0,1.0,0.0,0.0,0.0
data/processed_images/image827.jpg,tshirt_827,tshirt,blue,1.0,0.0,1.0,0.0,0.0,0.0
data/processed_images/image828.jpg,tshirt_828,tshirt,blue,1.0,0.0,1.0,0.0,0.0,0.0
data/processed_images/image829.jpg,tshirt_829,tshirt,white,1.0,0.0,0.0,0.0,0.0,1.0
data/processed_images/image830.jpg,tshirt_830,tshirt,green,1.0,0.0,0.0,1.0,0.0,0.0
data/processed_images/image831.jpg,tshirt_831,tshirt,black,1.0,1.0,0.0,0.0,0.0,0.0
data/processed_images/image832.jpg,tshirt_832,tshirt,white,1.0,0.0,0.0,0.0,0.0,1.0
data/processed_images/image833.jpg,tshirt_833,tshirt,green,1.0,0.0,0.0,1.0,0.0,0.0
data/processed_images/image834.jpg,tshirt_834,tshirt,green,1.0,0.0,0.0,1.0,0.0,0.0
data/processed_images/image835.jpg,tshirt_835,tshirt,green,1.0,0.0,0.0,1.0,0.0,0.0
data/processed_images/image836.jpg,tshirt_836,tshirt,black,1.0,1.0,0.0,0.0,0.0,0.0
data/processed_images/image837.jpg,tshirt_837,tshirt,black,1.0,1.0,0.0,0.0,0.0,0.0
data/processed_images/image838.jpg,tshirt_838,tshirt,blue,1.0,0.0,1.0,0.0,0.0,0.0
data/processed_images/image839.jpg,tshirt_839,tshirt,green,1.0,0.0,0.0,1.0,0.0,0.0
data/processed_images/image840.jpg,tshirt_840,tshirt,red,1.0,0.0,0.0,0.0,1.0,0.0
data/processed_images/image841.jpg,tshirt_841,tshirt,white,1.0,0.0,0.0,0.0,0.0,1.0
data/processed_images/image842.jpg,tshirt_842,tshirt,green,1.0,0.0,0.0,1.0,0.0,0.0
data/processed_images/image843.jpg,tshirt_843,tshirt,blue,1.0,0.0,1.0,0.0,0.0,0.0
data/processed_images/image844.jpg,tshirt_844,tshirt,white,1.0,0.0,0.0,0.0,0.0,1.0
data/processed_images/image845.jpg,tshirt_845,tshirt,blue,1.0,0.0,1.0,0.0,0.0,0.0
data/processed_images/image846.jpg,tshirt_846,tshirt,blue,1.0,0.0,1.0,0.0,0.0,0.0
data/processed_images/image847.jpg,tshirt_847,tshirt,white,1.0,0.0,0.0,0.0,0.0,1.0
data/processed_images/image848.jpg,tshirt_848,tshirt,black,1.0,1.0,0.0,0.0,0.0,0.0
data/processed_images/image849.jpg,tshirt_849,tshirt,green,1.0,0.0,0.0,1.0,0.0,0.0
data/processed_images/image850.jpg,tshirt_850,tshirt,green,1.0,0.0,0.0,1.0,0.0,0.0
data/processed_images/image851.jpg,tshirt_851,tshirt,white,1.0,0.0,0.0,0.0,0.0,1.0
data/processed_images/image852.jpg,tshirt_852,tshirt,white,1.0,0.0,0.0,0.0,0.0,1.0
data/processed_images/image853.jpg,tshirt_853,tshirt,blue,1.0,0.0,1.0,0.0,0.0,0.0
data/processed_images/image854.jpg,tshirt_854,tshirt,white,1.0,0.0,0.0,0.0,0.0,1.0
data/processed_images/image855.jpg,tshirt_855,tshirt,green,1.0,0.0,0.0,1.0,0.0,0.0
data/processed_images/image856.jpg,tshirt_856,tshirt,blue,1.0,0.0,1.0,0.0,0.0,0.0
data/processed_images/image857.jpg,tshirt_857,tshirt,white,1.0,0.0,0.0,0.0,0.0,1.0
data/processed_images/image858.jpg,tshirt_858,tshirt,red,1.0,0.0,0.0,0.0,1.0,0.0
data/processed_images/image859.jpg,tshirt_859,tshirt,black,1.0,1.0,0.0,0.0,0.0,0.0
data/processed_images/image860.jpg,tshirt_860,tshirt,black,1.0,1.0,0.0,0.0,0.0,0.0
data/processed_images/image861.jpg,tshirt_861,tshirt,blue,1.0,0.0,1.0,0.0,0.0,0.0
data/processed_images/image862.jpg,tshirt_862,tshirt,black,1.0,1.0,0.0,0.0,0.0,0.0
data/processed_images/image863.jpg,tshirt_863,tshirt,green,1.0,0.0,0.0,1.0,0.0,0.0
data/processed_images/image864.jpg,tshirt_864,tshirt,white,1.0,0.0,0.0,0.0,0.0,1.0
data/processed_images/image865.jpg,tshirt_865,tshirt,green,1.0,0.0,0.0,1.0,0.0,0.0
data/processed_images/image866.jpg,tshirt_866,tshirt,red,1.0,0.0,0.0,0.0,1.0,0.0
data/processed_images/image867.jpg,tshirt_867,tshirt,red,1.0,0.0,0.0,0.0,1.0,0.0
data/processed_images/image868.jpg,tshirt_868,tshirt,red,1.0,0.0,0.0,0.0,1.0,0.0
data/processed_images/image869.jpg,tshirt_869,tshirt,black,1.0,1.0,0.0,0.0,0.0,0.0
data/processed_images/image870.jpg,tshirt_870,tshirt,blue,1.0,0.0,1.0,0.0,0.0,0.0
data/processed_images/image871.jpg,tshirt_871,tshirt,black,1.0,1.0,0.0,0.0,0.0,0.0
data/processed_images/image872.jpg,tshirt_872,tshirt,red,1.0,0.0,0.0,0.0,1.0,0.0
data/processed_images/image873.jpg,tshirt_873,tshirt,green,1.0,0.0,0.0,1.0,0.0,0.0
data/processed_images/image874.jpg,tshirt_874,tshirt,white,1.0,0.0,0.0,0.0,0.0,1.0
data/processed_images/image875.jpg,tshirt_875,tshirt,black,1.0,1.0,0.0,0.0,0.0,0.0
data/processed_images/image876.jpg,tshirt_876,tshirt,green,1.0,0.0,0.0,1.0,0.0,0.0
data/processed_images/image877.jpg,tshirt_877,tshirt,blue,1.0,0.0,1.0,0.0,0.0,0.0
data/processed_images/image878.jpg,tshirt_878,tshirt,red,1.0,0.0,0.0,0.0,1.0,0.0
data/processed_images/image879.jpg,tshirt_879,tshirt,blue,1.0,0.0,1.0,0.0,0.0,0.0
data/processed_images/image880.jpg,tshirt_880,tshirt,blue,1.0,0.0,1.0,0.0,0.0,0.0
data/processed_images/image881.jpg,tshirt_881,tshirt,white,1.0,0.0,0.0,0.0,0.0,1.0
data/processed_images/image882.jpg,tshirt_882,tshirt,green,1.0,0.0,0.0,1.0,0.0,0.0
data/processed_images/image883.jpg,tshirt_883,tshirt,red,1.0,0.0,0.0,0.0,1.0,0.0
data/processed_images/image884.jpg,tshirt_884,tshirt,white,1.0,0.0,0.0,0.0,0.0,1.0
data/processed_images/image885.jpg,tshirt_885,tshirt,white,1.0,0.0,0.0,0.0,0.0,1.0
data/processed_images/image886.jpg,tshirt_886,tshirt,black,1.0,1.0,0.0,0.0,0.0,0.0
data/processed_images/image887.jpg,tshirt_887,tshirt,red,1.0,0.0,0.0,0.0,1.0,0.0
data/processed_images/image888.jpg,tshirt_888,tshirt,red,1.0,0.0,0.0,0.0,1.0,0.0
data/processed_images/image889.jpg,tshirt_889,tshirt,blue,1.0,0.0,1.0,0.0,0.0,0.0
data/processed_images/image890.jpg,tshirt_890,tshirt,white,1.0,0.0,0.0,0.0,0.0,1.0
data/processed_images/image891.jpg,tshirt_891,tshirt,blue,1.0,0.0,1.0,0.0,0.0,0.0
data/processed_images/image892.jpg,tshirt_892,tshirt,blue,1.0,0.0,1.0,0.0,0.0,0.0
data/processed_images/image893.jpg,tshirt_893,tshirt,green,1.0,0.0,0.0,1.0,0.0,0.0
data/processed_images/image894.jpg,tshirt_894,tshirt,blue,1.0,0.0,1.0,0.0,0.0,0.0
data/processed_images/image895.jpg,tshirt_895,tshirt,white,1.0,0.0,0.0,0.0,0.0,1.0
data/processed_images/image896.jpg,tshirt_896,tshirt,black,1.0,1.0,0.0,0.0,0.0,0.0
data/processed_images/image897.jpg,tshirt_897,tshirt,black,1.0,1.0,0.0,0.0,0.0,0.0
data/processed_images/image898.jpg,tshirt_898,tshirt,red,1.0,0.0,0.0,0.0,1.0,0.0
data/processed_images/image899.jpg,tshirt_899,tshirt,green,1.0,0.0,0.0,1.0,0.0,0.0
data/processed_images/image900.jpg,tshirt_900,tshirt,blue,1.0,0.0,1.0,0.0,0.0,0.0
data/processed_images/image901.jpg,tshirt_901,tshirt,black,1.0,1.0,0.0,0.0,0.0,0.0
data/processed_images/image902.jpg,tshirt_902,tshirt,green,1.0,0.0,0.0,1.0,0.0,0.0
data/processed_images/image903.jpg,tshirt_903,tshirt,black,1.0,1.0,0.0,0.0,0.0,0.0
data/processed_images/image904.jpg,tshirt_904,tshirt,black,1.0,1.0,0.0,0.0,0.0,0.0
data/processed_images/image905.jpg,tshirt_905,tshirt,red,1.0,0.0,0.0,0.0,1.0,0.0
data/processed_images/image906.jpg,tshirt_906,tshirt,black,1.0,1.0,0.0,0.0,0.0,0.0
data/processed_images/image907.jpg,tshirt_907,tshirt,black,1.0,1.0,0.0,0.0,0.0,0.0
data/processed_images/image908.jpg,tshirt_908,tshirt,green,1.0,0.0,0.0,1.0,0.0,0.0
data/processed_images/image909.jpg,tshirt_909,tshirt,blue,1.0,0.0,1.0,0.0,0.0,0.0
data/processed_images/image910.jpg,tshirt_910,tshirt,red,1.0,0.0,0.0,0.0,1.0,0.0
data/processed_images/image911.jpg,tshirt_911,tshirt,white,1.0,0.0,0.0,0.0,0.0,1.0
data/processed_images/image912.jpg,tshirt_912,tshirt,white,1.0,0.0,0.0,0.0,0.0,1.0
data/processed_images/image913.jpg,tshirt_913,tshirt,black,1.0,1.0,0.0,0.0,0.0,0.0
data/processed_images/image914.jpg,tshirt_914,tshirt,black,1.0,1.0,0.0,0.0,0.0,0.0
data/processed_images/image915.jpg,tshirt_915,tshirt,green,1.0,0.0,0.0,1.0,0.0,0.0
data/processed_images/image916.jpg,tshirt_916,tshirt,white,1.0,0.0,0.0,0.0,0.0,1.0
data/processed_images/image917.jpg,tshirt_917,tshirt,green,1.0,0.0,0.0,1.0,0.0,0.0
data/processed_images/image918.jpg,tshirt_918,tshirt,black,1.0,1.0,0.0,0.0,0.0,0.0
data/processed_images/image919.jpg,tshirt_919,tshirt,white,1.0,0.0,0.0,0.0,0.0,1.0
data/processed_images/image920.jpg,tshirt_920,tshirt,white,1.0,0.0,0.0,0.0,0.0,1.0
data/processed_images/image921.jpg,tshirt_921,tshirt,white,1.0,0.0,0.0,0.0,0.0,1.0
data/processed_images/image922.jpg,tshirt_922,tshirt,red,1.0,0.0,0.0,0.0,1.0,0.0
data/processed_images/image923.jpg,tshirt_923,tshirt,green,1.0,0.0,0.0,1.0,0.0,0.0
data/processed_images/image924.jpg,tshirt_924,tshirt,white,1.0,0.0,0.0,0.0,0.0,1.0
data/processed_images/image925.jpg,tshirt_925,tshirt,black,1.0,1.0,0.0,0.0,0.0,0.0
data/processed_images/image926.jpg,tshirt_926,tshirt,white,1.0,0.0,0.0,0.0,0.0,1.0
data/processed_images/image927.jpg,tshirt_927,tshirt,red,1.0,0.0,0.0,0.0,1.0,0.0
data/processed_images/image928.jpg,tshirt_928,tshirt,white,1.0,0.0,0.0,0.0,0.0,1.0
data/processed_images/image929.jpg,tshirt_929,tshirt,white,1.0,0.0,0.0,0.0,0.0,1.0
data/processed_images/image930.jpg,tshirt_930,tshirt,blue,1.0,0.0,1.0,0.0,0.0,0.0
data/processed_images/image931.jpg,tshirt_931,tshirt,green,1.0,0.0,0.0,1.0,0.0,0.0
data/processed_images/image932.jpg,tshirt_932,tshirt,white,1.0,0.0,0.0,0.0,0.0,1.0
data/processed_images/image933.jpg,tshirt_933,tshirt,red,1.0,0.0,0.0,0.0,1.0,0.0
data/processed_images/image934.jpg,tshirt_934,tshirt,green,1.0,0.0,0.0,1.0,0.0,0.0
data/processed_images/image935.jpg,tshirt_935,tshirt,white,1.0,0.0,0.0,0.0,0.0,1.0
data/processed_images/image936.jpg,tshirt_936,tshirt,blue,1.0,0.0,1.0,0.0,0.0,0.0
data/processed_images/image937.jpg,tshirt_937,tshirt,black,1.0,1.0,0.0,0.0,0.0,0.0
data/processed_images/image938.jpg,tshirt_938,tshirt,black,1.0,1.0,0.0,0.0,0.0,0.0
data/processed_images/image939.jpg,tshirt_939,tshirt,black,1.0,1.0,0.0,0.0,0.0,0.0
data/processed_images/image940.jpg,tshirt_940,tshirt,black,1.0,1.0,0.0,0.0,0.0,0.0
data/processed_images/image941.jpg,tshirt_941,tshirt,red,1.0,0.0,0.0,0.0,1.0,0.0
data/processed_images/image942.jpg,tshirt_942,tshirt,black,1.0,1.0,0.0,0.0,0.0,0.0
data/processed_images/image943.jpg,tshirt_943,tshirt,black,1.0,1.0,0.0,0.0,0.0,0.0
data/processed_images/image944.jpg,tshirt_944,tshirt,black,1.0,1.0,0.0,0.0,0.0,0.0
data/processed_images/image945.jpg,tshirt_945,tshirt,red,1.0,0.0,0.0,0.0,1.0,0.0
data/processed_images/image946.jpg,tshirt_946,tshirt,green,1.0,0.0,0.0,1.0,0.0,0.0
data/processed_images/image947.jpg,tshirt_947,tshirt,red,1.0,0.0,0.0,0.0,1.0,0.0
data/processed_images/image948.jpg,tshirt_948,tshirt,blue,1.0,0.0,1.0,0.0,0.0,0.0
data/processed_images/image949.jpg,tshirt_949,tshirt,blue,1.0,0.0,1.0,0.0,0.0,0.0
data/processed_images/image950.jpg,tshirt_950,tshirt,blue,1.0,0.0,1.0,0.0,0.0,0.0
data/processed_images/image951.jpg,tshirt_951,tshirt,black,1.0,1.0,0.0,0.0,0.0,0.0
data/processed_images/image952.jpg,tshirt_952,tshirt,green,1.0,0.0,0.0,1.0,0.0,0.0
data/processed_images/image953.jpg,tshirt_953,tshirt,red,1.0,0.0,0.0,0.0,1.0,0.0
data/processed_images/image954.jpg,tshirt_954,tshirt,red,1.0,0.0,0.0,0.0,1.0,0.0
data/processed_images/image955.jpg,tshirt_955,tshirt,blue,1.0,0.0,1.0,0.0,0.0,0.0
data/processed_images/image956.jpg,tshirt_956,tshirt,white,1.0,0.0,0.0,0.0,0.0,1.0
data/processed_images/image957.jpg,tshirt_957,tshirt,green,1.0,0.0,0.0,1.0,0.0,0.0
data/processed_images/image958.jpg,tshirt_958,tshirt,blue,1.0,0.0,1.0,0.0,0.0,0.0
data/processed_images/image959.jpg,tshirt_959,tshirt,green,1.0,0.0,0.0,1.0,0.0,0.0
data/processed_images/image960.jpg,tshirt_960,tshirt,green,1.0,0.0,0.0,1.0,0.0,0.0
data/processed_images/image961.jpg,tshirt_961,tshirt,white,1.0,0.0,0.0,0.0,0.0,1.0
data/processed_images/image962.jpg,tshirt_962,tshirt,blue,1.0,0.0,1.0,0.0,0.0,0.0
data/processed_images/image963.jpg,tshirt_963,tshirt,green,1.0,0.0,0.0,1.0,0.0,0.0
data/processed_images/image964.jpg,tshirt_964,tshirt,green,1.0,0.0,0.0,1.0,0.0,0.0
data/processed_images/image965.jpg,tshirt_965,tshirt,red,1.0,0.0,0.0,0.0,1.0,0.0
data/processed_images/image966.jpg,tshirt_966,tshirt,green,1.0,0.0,0.0,1.0,0.0,0.0
data/processed_images/image967.jpg,tshirt_967,tshirt,blue,1.0,0.0,1.0,0.0,0.0,0.0
data/processed_images/image968.jpg,tshirt_968,tshirt,red,1.0,0.0,0.0,0.0,1.0,0.0
data/processed_images/image969.jpg,tshirt_969,tshirt,red,1.0,0.0,0.0,0.0,1.0,0.0
data/processed_images/image970.jpg,tshirt_970,tshirt,black,1.0,1.0,0.0,0.0,0.0,0.0
data/processed_images/image971.jpg,tshirt_971,tshirt,white,1.0,0.0,0.0,0.0,0.0,1.0
data/processed_images/image972.jpg,tshirt_972,tshirt,black,1.0,1.0,0.0,0.0,0.0,0.0
data/processed_images/image973.jpg,tshirt_973,tshirt,green,1.0,0.0,0.0,1.0,0.0,0.0
data/processed_images/image974.jpg,tshirt_974,tshirt,red,1.0,0.0,0.0,0.0,1.0,0.0
data/processed_images/image975.jpg,tshirt_975,tshirt,green,1.0,0.0,0.0,1.0,0.0,0.0
data/processed_images/image976.jpg,tshirt_976,tshirt,black,1.0,1.0,0.0,0.0,0.0,0.0
data/processed_images/image977.jpg,tshirt_977,tshirt,blue,1.0,0.0,1.0,0.0,0.0,0.0
data/processed_images/image978.jpg,tshirt_978,tshirt,white,1.0,0.0,0.0,0.0,0.0,1.0
data/processed_images/image979.jpg,tshirt_979,tshirt,blue,1.0,0.0,1.0,0.0,0.0,0.0
data/processed_images/image980.jpg,tshirt_980,tshirt,green,1.0,0.0,0.0,1.0,0.0,0.0
data/processed_images/image981.jpg,tshirt_981,tshirt,green,1.0,0.0,0.0,1.0,0.0,0.0
data/processed_images/image982.jpg,tshirt_982,tshirt,white,1.0,0.0,0.0,0.0,0.0,1.0
data/processed_images/image983.jpg,tshirt_983,tshirt,green,1.0,0.0,0.0,1.0,0.0,0.0
data/processed_images/image984.jpg,tshirt_984,tshirt,white,1.0,0.0,0.0,0.0,0.0,1.0
data/processed_images/image985.jpg,tshirt_985,tshirt,green,1.0,0.0,0.0,1.0,0.0,0.0
data/processed_images/image986.jpg,tshirt_986,tshirt,black,1.0,1.0,0.0,0.0,0.0,0.0
data/processed_images/image987.jpg,tshirt_987,tshirt,green,1.0,0.0,0.0,1.0,0.0,0.0
data/processed_images/image988.jpg,tshirt_988,tshirt,red,1.0,0.0,0.0,0.0,1.0,0.0
data/processed_images/image989.jpg,tshirt_989,tshirt,white,1.0,0.0,0.0,0.0,0.0,1.0
data/processed_images/image990.jpg,tshirt_990,tshirt,blue,1.0,0.0,1.0,0.0,0.0,0.0
data/processed_images/image991.jpg,tshirt_991,tshirt,white,1.0,0.0,0.0,0.0,0.0,1.0
data/processed_images/image992.jpg,tshirt_992,tshirt,black,1.0,1.0,0.0,0.0,0.0,0.0
data/processed_images/image993.jpg,tshirt_993,tshirt,blue,1.0,0.0,1.0,0.0,0.0,0.0
data/processed_images/image994.jpg,tshirt_994,tshirt,white,1.0,0.0,0.0,0.0,0.0,1.0
data/processed_images/image995.jpg,tshirt_995,tshirt,white,1.0,0.0,0.0,0.0,0.0,1.0
data/processed_images/image996.jpg,tshirt_996,tshirt,green,1.0,0.0,0.0,1.0,0.0,0.0
data/processed_images/image997.jpg,tshirt_997,tshirt,white,1.0,0.0,0.0,0.0,0.0,1.0
data/processed_images/image998.jpg,tshirt_998,tshirt,blue,1.0,0.0,1.0,0.0,0.0,0.0
data/processed_images/image999.jpg,tshirt_999,tshirt,red,1.0,0.0,0.0,0.0,1.0,0.0
data/processed_images/image1000.jpg,tshirt_1000,tshirt,black,1.0,1.0,0.0,0.0,0.0,0.0
